"Bichler, Martin",2021,0
"Recker, Jan",2021,26
"Hinz, Oliver",2022,0
"Jussupow, Ekaterina",2021,22
"Fügener, Andreas",2022,2
"Sturm, Timo",2021,13
"Fügener, Andreas",2021,13
"Benlian, Alexander",2022,2
"Foerderer, Jens",2021,1
"Salge, Torsten Oliver",2022,0
"Gerlach, Jin P.",2022,0
"Maier, Christian",2022,2
"Gerlach, Jin P.",2020,10
"Wunderlich, Philipp",2019,45
"Benlian, Alexander",2020,28
"Fürstenau, Daniel",2019,14
"Trenz, Manuel",2020,23
"Lauterbach, Jens",2020,4
"Kretschmer, Tobias",2020,10
"Gutt, Dominik",2019,7
"Pfeiffer, Jella",2020,27
"Heimbach, Irina",2018,33
"Foerderer, Jens",2018,76
"Bichler, Martin",2018,3
"Eisend, Martin",2019,18
"Breuker, Dominic",2016,128
"Hibbeln, Martin",2017,87
"Hinz, Oliver",2016,12
"Bauer, Julia",2016,37
"Bichler, Martin",2017,11
"Wiesche, Manuel",2017,124
"Kundisch, Dennis O.",2014,7
"Salge, Torsten Oliver",2015,58
"Spaeth, Sebastian",2015,59
"Hinz, Oliver",2015,25
"Petrakis, Ioannis",2013,18
"Becker, Jan-Michael",2013,228
"Bichler, Martin",2013,22
"Caliendo, Marco",2012,18
"Krämer, Jan",2012,63
"Hinz, Oliver",2011,107
"Scheffel, Tobias",2011,47
"Bichler, Martin",2010,116
"Bichler, Martin",2009,52
"Hinz, Oliver",2008,95
"Dibbern, Jens",2008,426
"Trier, Matthias",2008,61
"Weitzel, Tim",2006,125
"Steur, Andreas J.",2022,2
"Vössing, Michael",2022,2
"Dehnert, Maik",2022,3
"Werner, Dominick",2022,1
"Poeppelbuss, Jens",2022,6
"Mirbabaie, Milad",2022,4
"Hirzle, Teresa",2022,2
"Papenmeier, Andrea",2022,2
"Feulner, Simon",2022,1
"Alt, Rainer",2022,0
"Poser, Mathis",2022,1
"Ahmad, Rangina",2022,6
"Tessmann, Ruben",2022,1
"Bachmann, Nina M.",2022,3
"Alt, Rainer",2022,1
"Kindermann, Bastian",2022,0
"Sedlmeir, Johannes",2022,6
"Croitor, Evgheni",2022,3
"Heinbach, Christoph",2022,2
"Toussaint, Philipp A.",2022,1
"Nahr, Nora",2022,1
"Schmid, Isabel",2022,1
"Schoormann, Thorsten",2022,3
"Heinrich, Bernd",2022,0
"Alt, Rainer",2022,1
"Sundermeier, Janina",2022,1
"Duparc, Estelle",2022,1
"Alt, Rainer",2022,1
"Hunke, Fabian",2022,5
"Rüller, Sarah",2022,3
"Abramova, Olga",2022,1
"Dörndorfer, Julian",2022,1
"Baumann, Elias",2022,0
"Handrich, Franziska",2022,1
"Gerlach, Jana",2022,0
"Weiler, Severin",2022,2
"Alt, Rainer",2022,1
"Stieglitz, Stefan",2022,3
"Beverungen, Daniel",2022,2
"Saternus, Zofia",2022,1
"Oesterle, Severin",2022,3
"Möller, Frederik",2022,4
"Bartelheimer, Christian",2022,2
"Ostern, Nadine",2022,0
"Adam, Martin",2022,1
"Hornung, Olivia",2022,5
"Brand, Benedikt M.",2022,2
"Putze, Felix",2022,1
"Wenninger, Annette",2022,1
"Alt, Rainer",2022,1
"Trzaskowski, Jan",2022,3
"Rzepka, Christine",2022,5
"Förster, Matthias",2022,2
"Jöhnk, Jan",2022,4
"Arnold, Laurin",2022,2
"Barann, Benjamin",2022,4
"Oks, Sascha Julian",2022,3
"Hopf, Konstantin",2022,2
"Daschner, Stefan",2022,0
"Koester, Nils",2022,0
"Gubela, Robin M.",2022,0
"Berger, Christian",2022,14
"Wanner, Jonas",2022,0
"Wulfert, Tobias",2022,1
"Märtins, Julian",2022,2
"Oschinsky, Frederike Marie",2022,0
"Franz, Anjuli",2022,0
"Kühl, Niklas",2022,0
"Shajalal, Md",2022,0
"Meske, Christian",2022,2
"Ahlemann, Frederik",2022,0
"Wirtz, Bernd W.",2022,0
"Schmid, Josef",2022,0
"Tessmann, Ruben",2022,1
"Graef, Roland",2022,2
"Korherr, Philipp",2022,3
"Spaeth, Sebastian",2022,0
"Dickhaut, Ernestine",2022,0
"Michalke, Simon",2022,0
"Förster, Maximilian",2022,0
"Alt, Rainer",2021,2
"Mirbabaie, Milad",2021,9
"Ebbers, Frank",2021,7
"Alt, Rainer",2021,0
"Clapham, Benjamin",2021,5
"Becker, Julia",2022,1
"Floerecke, Sebastian",2021,8
"Berger, Stephan",2021,7
"Alt, Rainer",2021,6
"Alt, Rainer",2021,1
"Siepmann, Carolin",2021,12
"Ostern, Nadine",2021,3
"Gimpel, Henner",2021,8
"Engert, Martin",2022,4
"Abdel-Karim, Benjamin M.",2021,7
"Janiesch, Christian",2021,156
"Masuch, Kristin",2021,2
"Reuter-Oppermann, Melanie",2022,0
"Thiebes, Scott",2021,60
"Blöcher, Katharina",2021,18
"Klein, Stefan",2021,1
"Radiah, Rivu",2021,9
"Gleiss, Alexander",2021,8
"Graef, Roland",2021,2
"Alt, Rainer",2021,1
"Kaul, Oliver Beren",2021,3
"Adam, Martin",2021,126
"Seyffarth, Tobias",2022,3
"Mirbabaie, Milad",2021,11
"Heinrich, Bernd",2021,5
"Friedrich, Thomas",2021,10
"Steenweg, Pia Mareike",2021,2
"Schneider, David",2020,15
"Alt, Rainer",2020,5
"Croitor, Evgheni",2021,4
"Riasanow, Tobias",2021,27
"Schulz, Thomas",2021,4
"Zimmermann, Verena",2021,16
"Garnefeld, Ina",2020,8
"Wendt, Charlotte",2021,15
"Joubert, Anke",2021,5
"Winter, Patrick",2020,1
"Felgenhauer, Annette",2021,2
"Bayer, Sarah",2021,10
"Paukstadt, Ute",2021,14
"Klinker, Kai",2020,28
"Passlick, Jens",2021,7
"Tripathi, Nikhil",2021,11
"Bulawa, Nicole",2021,0
"Alt, Rainer",2021,6
"Frick, Nicholas R. J.",2021,19
"Wedel, Irina",2021,2
"Fromm, Jennifer",2021,7
"Gimpel, Henner",2020,6
"Blesik, Till",2021,0
"Stieglitz, Stefan",2020,6
"Drasch, Benedict J.",2020,11
"Alt, Rainer",2020,9
"Klumpe, Johannes",2020,0
"Reck, Martin",2020,2
"Wiesböck, Florian",2020,37
"Weking, Jörg",2020,17
"Hein, Andreas",2020,150
"Weeger, Andy",2020,15
"Kloker, Simon",2020,7
"Ostern, Nadine Kathrin",2020,7
"Schomakers, Eva-Maria",2020,19
"Albrecht, Simon",2020,19
"Betzing, Jan Hendrik",2020,0
"Riemensperger, Frank",2020,7
"Weking, Jörg",2020,55
"Kollmann, Tobias",2020,10
"Alt, Rainer",2020,2
"Bitomsky, Laura",2020,3
"Szopinski, Daniel",2020,29
"Bons, Roger W.H.",2020,10
"Hofmann, Peter",2020,68
"Alt, Rainer",2020,6
"Tönnissen, Stefan",2020,24
"Schmidt, Philipp",2020,47
"Alt, Rainer",2020,10
"Mirbabaie, Milad",2020,11
"Klumpe, Johannes",2020,12
"Hesse, Maik",2020,13
"Passlick, Jens",2020,8
"Heinrich, Bernd",2020,3
"Kühl, Niklas",2020,22
"Fischer, Marcus",2020,14
"Betzing, Jan Hendrik",2020,16
"Siegfried, Nils",2020,0
"Reimers, Kai",2019,6
"Abdelkafi, Nizar",2019,15
"Walsh, Gianfranco",2019,9
"Brunk, Jens",2020,7
"Heidt, Margareta",2019,25
"Otto, Boris",2019,61
"Martin, Nicholas",2019,17
"Schulz, Thomas",2020,13
"Janiesch, Christian",2019,3
"Pousttchi, Key",2019,14
"Loebbecke, Claudia",2020,1
"Grieger, Marcus",2019,20
"Alt, Rainer",2019,18
"Hein, Andreas",2019,28
"Dellermann, Dominik",2019,39
"Gahm, Christian",2020,1
"Trang, Simon",2019,42
"Grieger, Marcus",2019,1
"Menges, Raphael",2019,11
"Schröder, Tim",2019,2
"Wallbach, Sören",2019,12
"Löbbers, Julian",2019,7
"Koch, Jascha-Alexander",2019,30
"Hein, Andreas",2019,107
"Daiberl, Christofer F.",2019,11
"Alt, Rainer",2019,6
"Wirth, Jakob",2019,15
"Fürstenau, Daniel",2019,16
"Roeder, Jan",2020,1
"Harl, Maximilian",2020,21
"Alt, Rainer",2019,28
"Jung, Dominik",2018,66
"Pousttchi, Key",2018,43
"Leofante, Francesco",2019,14
"Gimpel, Henner",2018,15
"Beverungen, Daniel",2019,126
"Weidinger, Julian",2018,12
"Heinrich, Bernd",2018,3
"Alt, Rainer",2018,103
"Dinter, Barbara",2018,3
"Buschek, Daniel",2018,15
"Hoegen, Andreas",2018,40
"Schlangenotto, Darius",2018,4
"Gimpel, Henner",2018,6
"Bühler, Julian",2018,3
"Bader, Patrick",2019,13
"Mihale-Wilson, A. Cristina",2019,15
"Jakobi, Timo",2019,22
"Croitor, Evgheni",2019,11
"Dorfleitner, Gregor",2018,28
"Harms, Patrick",2019,15
"Ocker, Fabian",2018,3
"Laubis, Kevin",2019,9
"Hirt, Robin",2019,8
"Dreyer, Sonja",2019,37
"Alt, Rainer",2019,14
"Wiegard, Rouven-B.",2019,25
"Alt, Rainer",2018,8
"Anke, Jürgen",2019,14
"Hopf, Konstantin",2018,20
"Kleindienst, Dominikus",2018,2
"Gimpel, Henner",2018,102
"Alt, Rainer",2017,2
"Buettner, Ricardo",2017,89
"Walsh, Gianfranco",2017,16
"Hess, Thomas",2018,7
"Künsemöller, Jörn",2017,4
"Linhart, Alexander",2017,2
"Alt, Rainer",2017,2
"Gadiraju, Ujwal",2017,21
"Heinrich, Bernd",2018,2
"Walsh, Gianfranco",2017,13
"Buettner, Ricardo",2017,44
"Berger, Benedikt",2018,6
"Alt, Rainer",2018,17
"Alt, Rainer",2018,2
"Willing, Christoph",2017,22
"Alt, Rainer",2017,4
"Winter, Patrick",2018,3
"Büsch, Sebastian",2017,2
"Bürger, Olga",2017,3
"Däs, Miriam",2017,5
"Kleindienst, Dominikus",2017,5
"Afflerbach, Patrick",2017,6
"Herrmann, Kai",2018,9
"Baur, Aaron W.",2017,32
"Alt, Rainer",2016,5
"Kessel, Marcus",2016,9
"Rivera-Pelayo, Verónica",2017,22
"Nellen, Johanna",2016,11
"Baethge, Catherine",2016,75
"Ludwig, Thomas",2017,28
"Alt, Rainer",2016,9
"Elbert, Ralf",2017,11
"Schultz, Carsten D.",2016,31
"Köhler, Sebastian",2016,12
"Papert, Marcel",2017,85
"Pohl, Henning",2017,60
"Ogonowski, Corinna",2016,30
"Alt, Rainer",2017,5
"Banz, Marion",2016,1
"Brich, Julia",2017,48
"Feuerriegel, Stefan",2016,5
"Gerpott, Torsten J.",2016,5
"Wan, Lin",2016,33
"Baumöl, Ulrike",2016,54
"Zimmerling, Eric",2016,9
"Tröger, Ralph",2017,3
"Hariharan, Anuja",2016,11
"Boden, Alexander",2016,2
"Koch, Oliver Francis",2017,33
"Zhou, Wenyan",2016,18
"Klier, Julia",2016,6
"Alt, Rainer",2016,5
"Alt, Rainer",2015,5
"Heinrich, Bernd",2016,5
"Schneider, Stephan",2015,15
"Alt, Rainer",2015,6
"Alt, Rainer",2016,7
"Alt, Rainer",2015,9
"Henneberger, Matthias",2016,6
"Scholz, Michael",2016,8
"Becker, Jörg",2016,29
"Steinhueser, Melanie",2015,15
"Tilly, Roman",2015,24
"Hornecker, Eva",2016,14
"Teschner, Florian",2015,6
"Heinrich, Bernd",2015,6
"Matt, Christian",2016,16
"Cuylen, Angelica",2016,12
"Reuter, Christian",2014,33
"Truschin, Sergej",2014,13
"Häckel, Björn",2014,2
"Dehling, Tobias",2014,25
"Ludwig, Nicole",2015,76
"Rehm, Sven-Volker",2015,17
"Bachynskyi, Myroslav",2015,25
"Forstner, Eva",2014,28
"Heimbach, Irina",2015,26
"Leimeister, Jan Marco",2014,23
"Alt, Rainer",2014,12
"Römer, Benedikt",2015,22
"Alt, Rainer",2014,3
"Häckel, Björn",2015,2
"Alt, Rainer",2014,2
"Roeber, Bjoern",2015,21
"Wohlgemuth, Sven",2014,7
"Wagner, Thomas M.",2014,77
"Schwister, Fabian",2015,10
"Kranz, Johann",2015,26
"Alt, Rainer",2014,25
"Ludwig, Thomas",2015,43
"Stich, Lucas",2014,20
"Schaarschmidt, Mario",2015,42
"Alt, Rainer",2014,7
"Alt, Rainer",2014,1
"Alt, Rainer",2015,4
"Rechert, Klaus",2014,5
"Beimborn, Daniel",2014,6
"Alt, Rainer",2013,2
"Repschlaeger, Jonas",2013,33
"Alt, Rainer",2013,1
"Hertel, Michael",2013,36
"Alt, Rainer",2013,1
"Gräuler, Matthias",2013,13
"Beck, Roman",2013,42
"Gerpott, Torsten J.",2014,12
"Löser, Alexander",2013,4
"Schwartz, Tobias",2013,32
"Williams, Susan P.",2013,22
"Kuettner, Tim",2013,21
"Weiss, Thomas",2013,62
"Reichhart, Philipp",2013,26
"Alt, Rainer",2013,0
"Nottorf, Florian",2013,15
"Reimers, Kai",2013,15
"Heidemann, Julia",2013,8
"Alt, Rainer",2014,6
"Hoffmann, Jörg",2012,43
"Buhl, Hans Ulrich",2013,3
"Hertwig, Markus",2012,22
"Martens, Benedikt",2012,132
"Alt, Rainer",2012,0
"Voisard, Agnès",2012,6
"Katzmarzik, Ame",2012,5
"Alt, Rainer",2012,0
"Fridgen, Gilbert",2013,6
"Alt, Rainer",2012,54
"Alt, R.",2012,0
"Ly, Linh Thao",2012,74
"Hassenzahl, Marc",2012,146
"Ha, Kyung-Hun",2012,50
"Menschner, Philipp",2011,34
"Fischbach, Kai",2011,44
"Hess, Thomas",2011,8
"Ziekow, Holger",2010,2
"Takac, Carsten",2011,19
"Heinrich, Bernd",2011,17
"Czarnecki, Christian",2010,9
"Loebbecke, Claudia",2010,7
"Schwieren, Joachim",2010,4
"Gerpott, Torsten J.",2011,22
"Alt, Rainer",2011,68
"Peinl, René",2011,8
"Panchenko, Oleksandr",2011,2
"Löhe, Jan",2010,15
"Backhaus, Klaus",2010,16
"Adam, Marc T. P.",2011,38
"Hu, Ji",2011,7
"Spann, Martin",2010,1
"Strecker, Stefan",2011,56
"Bog, Anja",2011,11
"Klenk, Sebastian",2009,9
"Wulf, Jochen",2010,8
"Goebel, Christoph",2009,8
"Stevens, Gunnar",2009,13
"Pinkwart, Niels",2009,6
"Thoroe, Lars",2009,24
"Laumer, Sven",2010,30
"Beck, Roman",2008,31
"Kundisch, Dennis",2008,3
"Wüllenweber, Kim",2008,130
"Brenner, Daniel",2007,36
"Winkler, Jessica K.",2008,138
"Book, Matthias",2007,2
"Ullmer, Brygg",2005,148
"Stolzenburg, Frieder",2006,5
"Lang, Florian",2006,4
"Chen, Libo",2005,2
"Ziegler, Cai-Nicolas",2005,249
"Enzmann, Matthias",2005,16
"Schoop, Mareike",2002,16
"Andrienko, Gennady",2003,44
"Schoop, Mareike",2004,10
"Meier, Marco",2001,1
"Althoff, Klaus-Dieter",2000,15
"Lehner, Franz",2000,45
"Wirtz, G.",2001,19
"Abecker, Andreas",2000,87
"Prechelt, Lutz",2001,49
"Klein, Stefan",2000,15
"Mohanani, Rahul",2022,2
"Jung, Jean Christoph",2022,0
"Gévay, Gábor E.",2022,2
"Kortmann, Felix",2022,0
"Hottung, André",2022,0
"Kannengieser, Niclas",2022,1
"Kern-Isberner, Gabriele",2023,0
"Blücher, Stefan",2022,0
"Eismann, Simon",2022,2
"Frummet, Alexander",2022,2
"Kaya, Muhammed-Fatih",2022,0
"Seibt, Georg",2022,0
"Mauerer, Wolfgang",2022,1
"Bodendorf, Frank",2022,0
"Baumann, Ringo",2022,2
"Okhrin, Ostap",2022,0
"Klesel, Michael",2022,1
"Braun, Michael",2022,10
"Gorski, Peter Leo",2022,1
"Kuhrmann, Marco",2022,7
"Lutz, Carsten",2022,0
"Dann, Andreas",2022,1
"Kaya, Muhammed-Fatih",2022,1
"Schoop, Mareike",2022,0
"Schmid, Andreas",2022,1
"Janke, Mario",2022,2
"Do, Lisa Nguyen Quang",2022,6
"Bredereck, Robert",2022,1
"Gaß, Maximilian",2022,0
"Werder, Karl",2022,0
"Grazia, Luca Di",2022,0
"Knuth, Tobias",2022,1
"Reining, Stefan",2022,3
"Mazei, Jens",2022,0
"Do, Lisa Nguyen Quang",2022,0
"Ebbers, Frank",2022,0
"Swoboda, Bernhard",2022,1
"Hoffmann, Marco",2022,0
"Kruger, Stefan",2021,6
"Teng, Long",2021,1
"Eichler, Rebecca",2021,6
"Herbold, Steffen",2021,6
"Kiesel, Johannes",2021,1
"Huber, Tobias",2021,9
"Geiger, Ingmar",2021,0
"Barcomb, Ann",2022,7
"Brill, Markus",2022,0
"Maass, Wolfgang",2021,8
"Beierle, Christoph",2021,13
"Muntean, Paul",2021,3
"Dann, Andreas",2021,2
"Langer, Markus",2021,71
"Suchan, Jakob",2021,5
"Neveling, Marc",2021,4
"Kietzmann, Peter",2021,11
"Tangian, Andranik",2021,1
"Rafiei, Majid",2021,10
"Mader, Patrick",2021,1
"Peldszus, Sven",2021,4
"Costa, DIego",2021,7
"Werder, Karl",2021,0
"Haag, Steffi",2021,5
"Distler, Tobias",2021,9
"Meurisch, Christian",2021,6
"Baumeister, Dorothea",2021,13
"Heinrich, Robert",2021,5
"Schmidt, Marco",2021,3
"Zimmerling, Marco",2021,17
"Belak, Christoph",2021,0
"Vale, Gustavo",2021,3
"Weinert, Christoph",2020,2
"Bredereck, Robert",2021,5
"Engesser, Thorsten",2021,3
"Thrun, Michael C.",2021,34
"Brylla, Daniel",2020,4
"Häckel, Björn",2020,0
"Ulbricht, Markus",2020,3
"Zepf, Sebastian",2020,44
"Boden, Joe",2020,4
"Weisenburger, Pascal",2020,4
"Feldmann, Michael",2020,5
"Do, Lisa Nguyen Quang",2020,3
"Ermakova, Tatiana",2020,11
"Corea, Carl",2020,3
"Lindner, Felix",2020,8
"Gaggl, Sarah A.",2020,34
"Wiese, Lena",2020,7
"Peitek, Norman",2020,14
"Harborth, David",2020,7
"Becker, Moritz",2020,4
"Weber, Anja",2020,9
"Gerstner, Thomas",2020,1
"Mayer, Ruben",2020,73
"Geiger, Ingmar",2020,7
"Hayashi, Akinobu",2020,2
"Burton, Simon",2020,29
"Kannengießer, Niclas",2020,44
"Amann, Sven",2019,41
"Foltýnek, Tomáš",2019,61
"Sondern, Dominik",2019,1
"Gurevich, Pavel",2020,4
"Arias-Cabarcos, Patricia",2019,12
"Fucci, Davide",2020,12
"Baumann, R.",2019,5
"Thimm, Matthias",2019,11
"Misselhorn, Catrin",2020,8
"Lüddecke, Timo",2019,8
"Posthaus, Achim",2019,1
"Lindauer, Marius",2019,13
"Coskun, Sema",2019,2
"Röger, Henriette",2019,45
"Laubert, Christoph",2019,7
"Herbold, Steffen",2019,6
"Sutterer, Paul",2019,0
"Kloker, Simon",2019,1
"Dizdarević, Jasenka",2019,232
"Maier, Erik",2019,9
"Abdulahhad, Karam",2019,3
"Biskup, Joachim",2019,0
"Koster, Frank",2019,0
"Fries, Christian P.",2019,1
"Brewka, Gerhard",2019,18
"Haake, Claus-Jochen",2018,2
"Lillack, Max",2018,18
"Kossaczký, Igor",2019,0
"Hakenes, Hendrik",2018,0
"Weiland, Lydia",2018,8
"Bick, Saskia",2018,65
"Wollenburg, Johannes",2018,73
"Niemeyer, Claudia",2018,4
"Baumeister, Dorothea",2018,34
"Hoefer, Martin",2018,12
"Kicherer, Hanna",2018,1
"Wylot, Marcin",2018,52
"Ketter, Wolfgang",2018,22
"Kuss, Elena",2018,13
"Heinze, Jörg",2018,21
"Herbold, Steffen",2018,123
"Ratzmann, Martin",2018,11
"Brewka, Gerhard",2018,19
"Gnad, Daniel",2018,17
"Teschner, Florian",2018,6
"Torralba, Álvaro",2018,5
"Brandt, Tobias",2018,5
"Koster, Frank",2018,2
"Naumann, Uwe",2018,5
"Hendricks, Christian",2018,1
"Eppe, Manfred",2018,49
"Grüschow, Robert Maximilian",2018,4
"Platenius, Marie C.",2017,6
"Laube, Stefan",2017,24
"Teschner, Florian",2017,2
"Benk, Janos",2017,0
"Rempel, Patrick",2017,53
"Kavun, Elif Bilge",2017,6
"Psychou, Georgia",2017,3
"Tariq, Zain Bin",2017,48
"Thimm, Matthias",2017,57
"Tangian, Andranik",2017,2
"Herbold, Steffen",2017,18
"Stein, Michael",2017,8
"Schoknecht, Andreas",2017,34
"Ramirez-Amaro, Karinne",2017,65
"Dylla, Frank",2017,50
"Mayerhofer, Antonia",2017,4
"Günther, Martin",2017,26
"Rheinländer, Astrid",2017,22
"Huber, Nikolaus",2017,34
"Wang, Zhikun",2017,18
"Tenorth, Moritz",2017,92
"Jukan, Admela",2017,75
"Agostini, Alejandro",2017,21
"Steinmetz, Marcel",2017,15
"Balyo, Tomáš",2016,34
"Habibi, Maryam",2016,5
"Hutter, Frank",2017,45
"Baumann, Ringo",2016,10
"Tangian, Andranik",2017,2
"Lindauer, Marius",2017,17
"Riehle, Dirk",2016,11
"Tangian, Andranik",2017,3
"Torralba, Álvaro",2017,30
"Capraro, Maximilian",2016,20
"Häckel, Björn",2017,6
"Melzer, Philipp",2016,10
"Biemann, Chris",2016,0
"Costa, Fabrizio",2017,3
"Stevens, Jon Scott",2016,5
"Kersting, Kristian",2017,10
"Dickmann, Fabian",2016,1
"Baluda, Mauro",2016,18
"Lansing, Jens",2016,33
"Bischl, Bernd",2016,103
"Ossadnik, Wolfgang",2016,104
"Thimm, Matthias",2016,35
"Bubeck, U.",2015,1
"Freitas, André",2015,2
"Maier, Christian",2015,15
"Bohme, Marcel",2016,40
"Schur, Matthias",2015,14
"Kroemer, Christian",2016,11
"Vilsmeier, Johannes",2016,1
"Filieri, Antonio",2016,81
"Gomez-Rodriguez, Manuel",2016,54
"Nadi, Sarah",2015,62
"Milenkoski, Aleksandar",2015,109
"Herzberg, Nico",2015,11
"Balint, Adrian",2015,26
"Galeotti, Juan P.",2015,20
"Jarke, Matthias",2015,0
"Wendzel, Steffen",2015,116
"Strass, Hannes",2015,27
"Goll, Christian",2015,8
"Vasilomanolakis, Emmanouil",2015,215
"Pousttchi, Key",2015,34
"Brosig, Fabian",2015,53
"Walter, Sebastian",2014,13
"Lang, Fabian",2015,29
"Baum, Daniela",2014,49
"Belli, Fevzi",2015,9
"Gensler, Sonja",2015,58
"Bernhart, German",2015,0
"Draxler, Sebastian",2014,4
"Borgwardt, Stefan",2015,41
"Mahnke, Rolf",2015,37
"Schoop, Mareike",2014,9
"Geiger, Ingmar",2014,14
"Pousttchi, Key",2014,30
"Thüm, Thomas",2014,333
"Korn, Ralf",2014,3
"Voigt, Sebastian",2014,5
"Korth, Christian",2014,0
"Jarke, Matthias",2015,17
"Bonnin, Geoffray",2014,139
"Ziaie, Pujan",2014,6
"Zenetti, German",2014,24
"Fridgen, Gilbert",2014,6
"Hu, Yong",2014,7
"Gettinger, Johannes",2014,6
"Schmiegelt, Philip",2014,3
"Breß, Sebastian",2014,17
"Arnold, Patrick",2014,55
"Bulling, Andreas",2014,983
"Bast, Hannah",2014,6
"Renner, Rebekka S.",2013,301
"Zirn, Cäcilia",2014,21
"Strass, Hannes",2013,72
"Thalheim, Bernhard",2013,13
"Tribastone, Mirco",2013,32
"Bringmann, Karl",2013,28
"Brandt, Jens",2013,8
"Haake, Claus-Jochen",2013,4
"Galeotti, Juan P.",2013,42
"Schlereth, Christian",2013,19
"Maalej, Walid",2013,115
"Radetzki, Martin",2013,153
"Alm, Thomas",2013,8
"Bast, Hannah",2013,5
"Brosch, Franz",2012,76
"Aziz, Haris",2013,74
"Hepperger, Peter",2013,3
"Apel, Sven",2013,74
"Thimm, Matthias",2013,54
"Hoelzl, Erik",2013,1
"Leue, Stefan",2013,1
"Lakemeyer, G.",2013,0
"Hoffart, Johannes",2013,707
"Bringmann, Karl",2013,55
"Nastase, Vivi",2013,64
"Garnefeld, Ina",2012,57
"Baumann, Ringo",2012,48
"Budzisz, Łukasz",2012,20
"Andrikopoulos, Vasilios",2012,94
"Tribastone, Mirco",2012,26
"Haufe, Sebastian",2012,14
"Sengul, Cigdem",2012,16
"Fisch, Dominik",2012,14
"Zickert, Frank",2012,1
"Papapantoleon, Antonis",2012,5
"Gebser, Martin",2012,273
"Aljazzar, Husain",2011,111
"Frischmann, Tanja",2012,27
"Broschart, Andreas",2012,9
"Mossakowski, Till",2012,60
"Fraser, Gordon",2012,206
"Adam, Marc",2012,48
"Altingovde, Ismail Sengor",2012,19
"Janzing, Dominik",2012,153
"Dallmeier, Valentin",2012,56
"Liu, Hongkai",2011,26
"Sorg, P.",2012,65
"Fahland, Dirk",2011,123
"Holze, Marc",2011,8
"Bast, Hannah",2011,2
"Benlian, Alexander",2011,96
"Paulheim, Heiko",2011,0
"Kiesel, Rüdiger",2011,3
"Ponzetto, Simone Paolo",2011,78
"Reiswich, Dimitri",2011,1
"Weidlich, Matthias",2011,195
"Koschmider, Agnes",2011,83
"Parreiras, Fernando Silva",2010,56
"Freiling, Felix C.",2011,31
"Krogmann, Klaus",2010,51
"Transier, Frederik",2010,22
"Lakemeyer, Gerhard",2011,27
"Olbrich, Rainer",2011,196
"Prechelt, Lutz",2011,18
"Rief, Daniel",2010,12
"Cimiano, Philipp",2010,7
"Aljazzar, Husain",2010,43
"Salfner, Felix",2010,426
"Bateman, John A.",2010,150
"Weinhardt, Christof",2010,3
"Bodden, Eric",2010,32
"Schoop, Mareike",2010,19
"Barrot, Christian",2010,19
"Algergawy, Alsayed",2009,37
"Hartmann, Sven",2009,16
"Decker, Gero",2009,63
"Paulheim, Heiko",2010,15
"Atkinson, Colin",2009,88
"Wolter, D.",2010,25
"Rosenmüller, Marko",2009,26
"Stahl, Christian",2009,25
"Köpcke, Hanna",2010,280
"Ebendt, Rüdiger",2009,45
"Kollmann, Tobias",2009,16
"Decker, G.",2009,46
"Biswas, Debmalya",2009,4
"Michalarias, Ilias",2009,2
"Spiekermann, Sarah",2009,296
"Brandt, Felix",2009,21
"Weitl, Franz",2009,10
"Kensche, David",2009,23
"Reimers, Kai",2009,1
"Han, Tingting",2009,87
"Böde, Eckard",2009,34
"Tryfonopoulos, Christos",2009,18
"Helmert, Malte",2009,152
"Bleiholder, Jens",2009,414
"Lessmann, Stefan",2008,872
"Hüllermeier, Eyke",2008,387
"Cimiano, Philipp",2008,81
"Groppe, Sven",2008,1
"Küster, Ulrich",2008,21
"Gerber, R.",2008,18
"Ly, Linh Thao",2008,105
"Melis, Erica",2008,3
"Rückert, Ulrich",2008,12
"Schoop, Mareike",2008,13
"Stuckenschmidt, Heiner",2007,36
"Apel, Sven",2008,133
"Lohmann, Niels",2008,98
"Groppe, Jinghua",2008,13
"Haustein, Michael",2008,21
"Strein, Dennis",2007,21
"Stürmer, Ingo",2007,46
"Haustein, Michael",2007,49
"Gimpel, Henner",2007,18
"Gordon, Thomas F.",2007,307
"Pai, Ganesh J.",2007,148
"Bruss, Dagmar",2007,48
"Bellon, Stefan",2007,517
"Härder, Theo",2007,70
"Bodirsky, Manuel",2007,9
"Bohnenkamp, Henrik",2006,113
"Baier, Christel",2007,58
"Jin, Yi",2007,95
"Lenz, Richard",2007,386
"Rebolledo, M.",2006,64
"Schäfer, Thorsten",2006,16
"Beringer, Jürgen",2006,190
"Vatcheva, Ivayla",2006,59
"Groppe, Sven",2006,8
"Hoffmann, Jörg",2006,100
"Patig, Susanne",2006,13
"Schmitt, Ingo",2006,5
"Kounev, Samuel",2006,142
"Cimiano, Philipp",2005,37
"Thalheim, Bernhard",2005,29
"Müller-Lankenau, Claas",2005,32
"Horacek, Helmut",2006,8
"Kindler, Ekkart",2006,107
"Düsterhöft, A.",2005,1
"Zimmermann, Thomas",2005,542
"Kelleher, J.",2005,36
"Burghardt, Jochen",2005,25
"Hammori, Markus",2006,30
"Dibbern, Jens",2004,952
"Eichelberg, Marco",2005,226
"Müller, Robert",2004,240
"Balko, Sören",2004,8
"Bustos, Benjamin",2005,338
"Decker, Björn",2005,11
"Koch, Michael",2005,34
"Donnelly, Maureen",2004,11
"Bodendorf, Freimut",2005,46
"Brewka, Gerhard",2004,77
"Harris, Mitchell A.",2004,13
"Lutz, Carsten",2004,21
"Schallehn, Eike",2004,37
"Fuhr, Norbert",2004,55
"Rinderle, Stefanie",2004,311
"Düsterhöft, Antje",2004,15
"Weske, Mathias",2004,167
"Völzer, Hagen",2004,4
"Fetzer, Christof",2004,25
"Aoumeur, Nasreddine",2004,4
"Padberg, Frank",2004,16
"Hüllermeier, Eyke",2003,31
"Schoop, Mareike",2003,142
"Neumann, Dirk",2003,21
"Bichler, Martin",2003,0
"Bichler, Martin",2003,166
"Kern-Isberner, Gabriele",2004,67
"Borgelt, Christian",2003,8
"Rebstock, Michael",2003,9
"Ocampo, Alexis",2003,13
"Ströbel, Michael",2003,113
"Ungerer, Theo",2003,126
"Rothe, Jörg",2002,15
"Baier, Christel",2003,584
"Bollig, Benedikt",2003,3
"Loebbecke, Claudia",2003,1
"Eisenbarth, Thomas",2003,430
"Hennig-Thurau, Thorsten",2003,523
"Bichler, Martin",2003,5
"Helmert, Malte",2003,88
"Prechelt, Lutz",2002,119
"Mast, Marion",2002,0
"Hahn, Udo",2002,11
"Roller, D.",2002,7
"Stumme, Gerd",2002,344
"Engesser, Kurt",2002,22
"Aoumeur, Nasreddine",2002,14
"Thielscher, Michael",2001,42
"Prechelt, Lutz",2001,133
"Hartmann, Sven",2001,12
"Besson, Patrick",2001,107
"Padovan, Boris",2002,35
"Hausser, Roland",2001,17
"Biskup, Joachim",2001,58
"Meuss, Holger",2002,14
"Zeller, Andreas",2002,687
"Bode, M.",2001,6
"Weihe, Karsten",2001,5
"Horváth, Tamás",2001,13
"Erdmann, Michael",2001,72
"Broy, Manfred",2001,18
"Lotz, Volkmar",2000,6
"Prechelt, Lutz",2001,37
"Staab, Steffen",2001,2
"Böhm, Christian",2001,623
"Alpar, Paul",2001,46
"Klusch, Matthias",2001,141
"Isli, Amar",2000,59
"Koch, Michael",2000,12
"Peters, Ralf",2000,3
"Steimann, Friedrich",2000,309
"Gorlatch, Sergei",2000,16
"Dieker, Stefan",2000,5
"Buchner, Jürgen",2000,6
"Hahn, Udo",2000,22
"Dorndorf, Ulrich",2000,49
"Thalheim, Bernhard",2000,21
"Luckas, Volker",2000,1
"Hoppe, H. Ulrich",2000,23
"Pree, Wolfgang",2000,10
"Linke, Thomas",2000,12
"Mosterman, Pieter J.",2000,39
"Mandry, Torsten",2000,19
"Stiemerling, Oliver",2000,9
"Kossmann, Donald",2000,541
"Walther, Christoph",2000,11
"Rödder, Wilhelm",2000,29
"Jaeger, Manfred",2000,27
"Biskup, Joachim",2000,35
"Rauber, Thomas",2000,35
"Backes, Tobias",2022,0
"Brusch, Ines",2022,1
"Lang, Andreas",2022,0
"Rebmann, Adrian",2022,0
"Ritter, Daniel",2022,1
"Kabierski, Martin",2023,0
"Matthes, Florian",2022,0
"Oesterreich, Thuy Duong",2022,3
"Thordsen, Erik",2022,1
"Tex, Christine",2022,0
"Dressler, Falko",2022,0
"Sola, Diana",2022,1
"Schlatt, Vincent",2022,6
"Fier, Fabian",2022,0
"Lohmann, Daniel",2022,0
"Anton, Eduard",2022,0
"Gasser, Urs",2022,1
"Schmeck, Hartmut",2022,0
"Schlackl, Frederic",2022,2
"Fettweis, Gerhard P.",2022,4
"Reibenspiess, Victoria",2022,14
"Steimle, Jürgen",2022,1
"Rövekamp, Patrick",2022,1
"Pufahl, Luise",2022,5
"Otto, Boris",2022,0
"Dlugosch, Oliver",2022,21
"Berens, Maximilian",2022,1
"Hodapp, Daniel",2022,0
"Nolle, Timo",2022,11
"Pradel, Michael",2022,3
"Bauer, Martin",2022,3
"Röchert, Daniel",2022,7
"Kindt, Philipp H.",2022,4
"Pham, Dai T.",2022,0
"Atkinson, Colin",2021,0
"Balietti, Stefano",2021,0
"Sadeghi, Ahmad-Reza",2021,0
"Blumenthal, David B.",2021,2
"Gröger, Christoph",2021,7
"Schubert, Erich",2021,22
"Konovalenko, Iurii",2021,7
"Pegoraro, Marco",2021,12
"Ritter, Daniel",2021,6
"Grohe, Martin",2021,2
"Friesike, Sascha",2021,1
"Jung, Ralf",2021,16
"Feldmann, Anja",2021,14
"Schweitzer, Pascal",2021,0
"Fischer, Marcus",2021,4
"Taghizadeh, Saeed",2021,3
"Fouché, Edouard",2021,1
"Jaeger, Lennart",2021,6
"Fabian, Benjamin",2021,1
"Mrass, Volkmar",2021,1
"Wiesböck, Florian",2020,11
"Ahlemann, Frederik",2021,13
"Böken, Björn",2021,10
"Feit, Anna Maria",2021,3
"Mattke, Jens",2020,21
"Gerster, Daniel",2021,1
"Kranz, Johann",2021,1
"Brunk, Jens",2021,7
"Meske, Christian",2021,3
"Arzamasova, Natalia",2021,2
"Siegmund, Janet",2020,6
"Wilhelm, Reinhard",2020,4
"Mühlhäuser, Max",2020,10
"Schryen, Guido",2020,1
"Bohn, Nicolai",2020,6
"Fischer, Marcus",2020,48
"Grohe, Martin",2020,13
"Mattauch, Sandra",2020,12
"Loebbecke, Claudia",2020,0
"Mocker, Martin",2020,2
"Reis, Lea",2020,11
"Mayer, Anne-Sophie",2020,12
"Panev, Kiril",2019,0
"Bazhenova, Ekaterina",2019,29
"Aiello, Marco",2019,0
"Scholta, Hendrik",2019,9
"Richter, Florian",2019,6
"Martins, Denis Mayr Lima",2019,19
"Leopold, Henrik",2019,16
"Ebner, Katharina",2019,4
"Wiedemann, Anna",2019,28
"Haag, Steffi",2019,6
"Frey, Alexander",2019,10
"Witt, Carl",2019,29
"Mülle, Jutta",2019,5
"Lewandowski, Dirk",2019,5
"Sauer, Caetano",2019,1
"Mattke, Jens",2019,32
"Rieger, Alexander",2019,45
"Trenz, Manuel",2018,19
"Rossberg, Andreas",2018,12
"Wagenknecht, Thomas",2018,3
"Lang, Michael",2018,39
"Thies, Justus",2019,43
"Matthes, Florian",2018,0
"Maneth, Sebastian",2018,18
"Silberman, M.S.",2018,56
"Nicolaescu, Petru",2018,13
"Schuller, Björn W.",2018,208
"Goldbach, Tobias",2018,45
"Schoenfisch, Joerg",2018,14
"Pankratz, Oleg",2018,17
"Eckhardt, Andreas",2018,11
"Pflügler, Christoph",2018,10
"Alexa, Marc",2017,0
"Chasin, Friedrich",2018,22
"Spann, Martin",2017,4
"Gewald, Heiko",2017,10
"Biskup, Joachim",2017,2
"Gerpott, Torsten J.",2017,8
"Ritter, Daniel",2017,31
"Qu, Weiping",2017,3
"Loebbecke, Claudia",2017,4
"Hollmig, Gregor",2017,5
"Rehm, Sven-Volker",2017,33
"Täuscher, Karl",2017,53
"Andrienko, Gennady",2017,6
"Knuplesch, David",2017,21
"Haffke, Ingmar",2017,56
"Gust, Gunther",2017,26
"Urbach, Nils",2017,32
"Geihs, Kurt",2017,0
"Liebig, Thomas",2017,101
"Walsh, Toby",2016,0
"Singh, Anna",2017,242
"Walsh, Toby",2016,0
"Eickhoff, Matthias",2016,17
"Walsh, Toby",2016,0
"Haigh, Thomas",2017,4
"Kosub, Sven",2016,0
"Weiler, Andreas",2016,10
"Jannach, Dietmar",2016,103
"Weiler, Andreas",2016,17
"Schulz, Axel",2016,10
"Andrienko, Natalia",2016,24
"Wendzel, Steffen",2016,7
"Rote, Günter",2016,0
"Andrienko, Gennady",2016,6
"Wolke, Andreas",2016,8
"Lanz, Andreas",2016,50
"Ebner, Katharina",2016,11
"Weske, Mathias",2016,0
"Atkinson, Colin",2015,25
"Hess, Thomas",2016,603
"Böttcher, Stefan",2016,2
"Mrasek, Richard",2016,1
"Ly, Linh Thao",2015,122
"Kessler, S.",2015,8
"Wolke, Andreas",2015,43
"Grünberger, Hans",2015,0
"Kroenung, Julia",2015,34
"Risius, Marten",2015,66
"Alexa, Marc",2015,0
"Laforet, Fabian",2015,16
"Kilias, Torsten",2015,5
"Meyer, Andreas",2015,22
"Mocker, Martin",2015,5
"Rehm, Sven-Volker",2015,9
"Hinz, Oliver",2015,43
"Baudisch, Patrick",2015,3
"Jarke, Matthias",2015,0
"Rheinländer, Astrid",2015,24
"Görg, Sebastian",2015,15
"Mrasek, Richard",2015,10
"Accorsi, Rafael",2015,23
"Delfmann, Patrick",2015,22
"Fabian, Benjamin",2015,162
"Schaefer, Georg E.",2014,0
"Bergmann, Ralph",2014,92
"Baier, Thomas",2014,74
"Minor, Mirjam",2014,47
"Appel, Stefan",2014,37
"Wilhelm, Reinhard",2014,17
"Minor, Mirjam",2014,51
"Döhring, Markus",2014,32
"Gröner, Gerd",2014,7
"Raunich, Salvatore",2014,23
"Leopold, Henrik",2014,23
"Mansmann, Svetlana",2014,36
"Boehm, Matthias",2014,3
"Geihs, Kurt",2014,0
"Lohrey, Markus",2013,51
"Althoff, Matthias",2013,17
"Breß, Sebastian",2013,32
"Gröner, Gerd",2013,55
"Lohmann, Niels",2013,51
"Behrend, Andreas",2013,4
"Sunyaev, Ali",2013,99
"Weske, Mathias",2013,0
"Lange, Dustin",2013,2
"Rinser, Daniel",2013,32
"Stieglitz, Stefan",2012,46
"Polyvyanyy, Artem",2012,78
"Oberle, Daniel",2013,55
"Leimeister, Jan Marco",2012,7
"Wagner, Heinz-Theo",2012,33
"Loebbecke, Claudia",2012,50
"Weidlich, Matthias",2012,38
"Leopold, Henrik",2012,93
"Weiand, Klara",2012,7
"Zeller, Andreas",2012,0
"Brewka, Gerhard",2011,656
"Vossen, Gottfried",2012,8
"Weidlich, Matthias",2011,120
"Sojer, Manuel",2011,22
"Smirnov, Sergey",2012,21
"Jarke, Matthias",2011,108
"Voisard, Agnès",2011,9
"Grohe, Martin",2011,6
"Ribeiro, Leonardo Andrade",2011,48
"Cipriani, N.",2011,12
"Schryen, Guido",2011,35
"Böhm, Alexander",2011,8
"Boehm, Matthias",2011,12
"Decker, Gero",2011,56
"Westner, Markus",2010,47
"Häsel, Matthias",2011,29
"Baier, Christel",2010,67
"Lengauer, Thomas",2010,1
"Beck, Roman",2010,5
"Albers, Susanne",2010,370
"Mendling, J.",2010,182
"Lehmann, Simon",2010,23
"Prechelt, Lutz",2010,1
"Druschel, Peter",2009,0
"Ryksa, Norbert",2010,0
"Fabian, Benjamin",2009,54
"Gewald, Heiko",2009,109
"Rebstock, Michael",2009,3
"Thiele, Maik",2009,20
"Mann, Florian",2009,43
"Weikum, Gerhard",2009,44
"May, Wolfgang",2008,7
"Busatto, Giorgio",2008,71
"Hose, Katja",2008,13
"Schild, Klaus",2007,39
"Oberweis, Andreas",2007,17
"Do, Hong-Hai",2007,199
"Benlian, Alexander",2007,16
"Hasselbring, Wilhelm",2006,1
"Buchmann, Johannes",2006,36
"Lee, Jaejoon",2006,36
"Bichler, Martin",2006,13
"Kahmann, Verena",2006,7
"Kurtisi, Zefir",2006,11
"Helferich, Andreas",2006,21
"Sackmann, Stefan",2006,113
"Ganz, Walter",2006,13
"Lindner, Felix",2006,10
"Weinhardt, Christof",2006,13
"Meinel, Christoph",2006,0
"Schoop, Mareike",2006,113
"Günther, Oliver",2005,136
"Stojanovic, Nenad",2005,16
"Marder, Ulrich",2005,0
"Gans, Günter",2005,13
"Naumann, Felix",2004,105
"Streitz, Norbert",2005,133
"Berendt, Bettina",2005,259
"Zoryk-Schalla, Anastasia J.",2004,47
"Keim, Daniel",2004,0
"Wetzel, Ingrid",2004,25
"Wulf, Volker",2004,37
"Walter, Jörg A.",2004,22
"Wedekind, Hartmut",2004,3
"Beringer, Joerg",2004,16
"May, Wolfgang",2004,14
"Baldi, Stefan",2003,15
"Schoder, Detlef",2003,90
"Tsichritzis, Dennis",2003,1
"Lechtenbörger, Jens",2003,90
"Sattler, Kai-Uwe",2003,15
"Rantzau, Ralf",2003,8
"Holten, Roland",2003,36
"Stal, Michael",2002,172
"Biskup, Joachim",2003,29
"Fink, Josef",2002,29
"Wagner, Clemens",2002,22
"Keim, Daniel A.",2001,215
"Brunner, Marcus",2001,12
"Albayrak, Sahin",2001,2
"Scott, Louise",2000,7
"Schoder, Detlef",2000,61
"Wegner, Holm",2000,2
"Bauer, Mathias",2000,4
"Fröhlich, Torsten",2000,26
"Frank, Aiko",2000,9
"Scheer, August Wilhelm",2000,269
"Spiliopoulou, Myra",2000,203
"Weiss, Niklas",2022,0
"Gnegel, Fabian",2023,0
"Bechtel, Jadena",2022,1
"Maecker, Söhnke",2023,0
"Krebs, Corinna",2023,0
"Bouncken, Ricarda B.",2022,1
"Hildebrandt, Florentin D.",2023,0
"Goerigk, Marc",2023,0
"Meier, Andre",2022,0
"Puschel, Louis Christian",2022,6
"Frank, Muriel",2022,0
"Burzlaff, Fabian",2022,6
"Voigt, Stefan",2022,4
"Futterer, Fabian",2022,4
"Wendt, Charlotte",2022,0
"Lins, Sebastian",2022,2
"Roeder, Jan",2022,0
"Wustmans, Michael",2022,5
"Fehrer, Tobias",2022,3
"Bettiol, Enrico",2022,0
"Schweikardt, Nicole",2022,0
"Siering, Michael",2022,0
"Przybilla, Leonard",2022,5
"Reiners, Malena",2022,3
"Kratsch, Wolfgang",2022,2
"Roessler, Mirjam",2022,3
"Johannsmann, Leonie M.",2022,0
"Meyer, Tobias",2022,1
"Kress, Dominik",2022,1
"Ehls, Daniel",2022,1
"Brand, Benedikt M.",2022,3
"Naseri, Nastaran",2022,0
"Nagendra, Narayan Prasad",2022,2
"Evler, Jan",2022,3
"Muhlroth, Christian",2022,17
"Schmitz, Hans Christian",2022,0
"Andresen, Florian",2022,2
"Cleophas, Catherine",2022,0
"Birkel, Hendrik",2022,0
"Brem, Alexander",2022,1
"Jutting, Malte",2022,0
"Jonas, Claudius M.",2022,0
"Azkan, Can",2022,0
"Lis, Dominik",2022,0
"Friedrich, Christian",2022,6
"Degen, Florian",2022,1
"Timinger, Holger",2022,0
"Dellnitz, Andreas",2022,3
"Häckel, Björn",2022,0
"Schilling, Lara",2022,1
"Jia, Xiaoxi",2022,1
"Grimme, Christian",2021,8
"Borge, Laura",2022,0
"Briskorn, Dirk",2021,0
"Martinovic, J.",2021,7
"Mihale-Wilson, Cristina",2021,1
"Schwade, Florian",2021,3
"Goerigk, Marc",2021,3
"Bock, Stefan",2021,6
"Trela, Karl",2021,1
"Gubela, Robin M.",2021,3
"Ganardi, Moses",2021,5
"Kronemeyer, Lena L.",2021,7
"Petersen, Moritz",2021,2
"Clauss, Thomas",2021,66
"Döttling, Nico",2021,1
"Stierle, Matthias",2021,2
"Malicki, Sebastian",2021,4
"Swoboda, Bernhard",2021,14
"Morgenroth, Christopher",2021,0
"Heinrich, Kai",2021,11
"Knizkov, Stephanie",2021,5
"Weyrauch, Timo",2021,8
"Siering, Michael",2021,6
"Agarwal, Nivedita",2021,8
"Hutchinson, Philip",2021,10
"Hintsch, Timo",2021,4
"Oelschlägel, Tobias",2021,2
"Brem, Alexander",2021,0
"Koch, Claudia",2021,7
"Mönch, Lars",2021,9
"Mirtsch, Mona",2021,11
"Schneider, Christoph",2021,2
"Blind, Knut",2021,6
"Ivanov, Dmitry",2021,34
"Viljoen, Altus",2021,1
"Brem, Alexander",2021,5
"Stahl, Christina",2021,0
"Spieth, Patrick",2021,0
"Caferoglu, Huseyin",2021,0
"Klos, Christoph",2021,10
"Ullmert, Thomas",2020,3
"Weidinger, Julian",2021,4
"Schweizer, Andre",2020,16
"Musigmann, Benjamin",2020,52
"Esparza, Javier",2020,5
"Craja, Patricia",2020,24
"Schlosser, Rainer",2020,2
"Zinovyeva, Elizaveta",2020,17
"Herm-Stapelberg, Nils",2020,1
"Guggenberger, Tobias",2020,26
"Lockl, Jannik",2020,36
"Kuperberg, Michael",2020,44
"Maassen, Kathrin",2020,10
"Fontaine, Pirmin",2020,1
"Zaggl, Michael A.",2020,8
"Raab, Maximilian",2020,24
"Dunke, Fabian",2020,5
"Buckow, J.-N.",2020,1
"Nadj, Mario",2020,18
"Schneider, Sabrina",2020,15
"Kreuzer, Thomas",2020,20
"Gimpel, Henner",2020,10
"Grübel, Julia",2020,8
"Beyersdorff, Olaf",2020,10
"Gnegel, Fabian",2020,3
"Roethke, Konstantin",2020,22
"Karnouskos, Stamatis",2020,27
"Mueller-Peltzer, Michael",2020,5
"Joachim, Verena",2020,4
"Kratsch, Stefan",2020,17
"Hottung, André",2020,32
"Disser, Yann",2019,4
"Emde, Simon",2020,22
"Tiwisina, Johannes",2019,0
"Martinovic, J.",2020,4
"Heinrich, Bernd",2019,5
"Lenzen, Christoph",2019,5
"Kiefer, Sandra",2019,10
"Bock, Stefan",2019,7
"Walter, Rico",2020,5
"Becker, Tristan",2019,3
"Bürger, Olga",2019,5
"Ikenmeyer, Christian",2019,2
"Rauchecker, Gerhard",2019,9
"Brinkmann, Jan",2019,44
"Schermer, Daniel",2019,81
"Naegelein, Philipp",2019,7
"Ouaknine, Joël",2019,1
"Scholz, Michael",2019,10
"Raap, Manon",2019,7
"Kozodoi, Nikita",2019,56
"Wirth, Fabian R.",2019,3
"Ulmer, Marlin W.",2019,39
"Meisel, Frank",2019,13
"Buchholz, Peter",2019,4
"Chassein, André",2019,5
"Bürgisser, Peter",2018,7
"Ecker, Grit",2019,1
"Gahm, Christian",2019,7
"Boywitz, David",2018,8
"Schiffels, Sebastian",2018,18
"Schlosser, Rainer",2018,11
"Schätter, Frank",2019,29
"Bichler, Martin",2019,0
"Friedrichs, Stephan",2018,10
"Mnich, Matthias",2018,38
"Traub, Vera",2019,15
"Klausnitzer, Armin",2019,24
"Johnsen, Lennart C.",2019,8
"Biele, Alexander",2019,6
"Taube, F.",2018,11
"Cano-Belmán, Jaime",2019,11
"Grum, M.",2018,3
"Bringmann, Karl",2018,15
"Scholz, Michael",2018,13
"Slednev, Viktor",2018,14
"Weidinger, Felix",2018,27
"Kaminski, Benjamin Lucien",2018,21
"Hein, Fanny",2018,11
"Vo-Thanh, Nha",2018,15
"Heinrich, Bernd",2018,22
"Seidl, Helmut",2018,8
"Tempelmeier, Horst",2018,3
"Hahn, Gerd J.",2018,20
"Siering, Michael",2018,130
"Siering, Michael",2018,103
"Briskorn, Dirk",2018,15
"Hosseini, Sabiölla",2018,37
"Bodirsky, Manuel",2018,12
"Bauer, Josef",2018,28
"Schwerdfeger, Stefan",2018,6
"Tilk, Christian",2018,5
"Brandl, Florian",2018,20
"Kraus, Mathias",2017,151
"Schöndube-Pirchegger, Barbara",2017,0
"Goeke, Dominik",2017,2
"Schilling, Andreas",2017,9
"Ivanova, Olga",2017,18
"Bode, Christoph",2017,71
"Raap, Manon",2017,13
"Füßler, David",2017,20
"Schröder, Nadine",2017,4
"Willing, Christoph",2017,47
"Barann, Benjamin",2017,38
"Grohe, Martin",2017,81
"Sternitzke, Christian",2017,1
"Kratsch, Wolfgang",2017,13
"Naber, Anulark",2017,16
"Morana, Stefan",2017,35
"Hassler, Michael",2017,14
"Scholz, Michael",2017,15
"Meilicke, Christian",2017,15
"Koch, Sebastian",2017,11
"Agarwal, Nivedita",2017,118
"Schulze, Britta",2017,4
"Lacour, Renaud",2017,42
"Le, Xuan Thanh",2017,12
"Coja-Oghlan, Amin",2017,7
"Buchholz, Peter",2017,4
"Kampmeyer, Matthias",2016,3
"Hottung, André",2016,32
"Pröllochs, Nicolas",2016,34
"Feuerriegel, Stefan",2016,48
"Grauberger, W.",2016,19
"Nolte, Alexander",2016,11
"Schwerdfeger, Stefan",2016,8
"Wessel, Michael",2016,68
"Leyer, Michael",2016,17
"Abedinnia, Hamid",2016,23
"Schönig, Stefan",2016,47
"Neufeld, Janis S.",2016,69
"Kuhn, Fabian",2016,100
"Friedl, Gunther",2016,21
"Babrowski, Sonja",2016,42
"Briskorn, Dirk",2016,5
"Ebner, Katharina",2016,6
"Chassein, André",2016,12
"Ehmke, Jan Fabian",2016,44
"Herrmann, Christian",2016,5
"Walter, Matthias",2016,27
"Kuhpfahl, J.",2016,58
"Lutter, Pascal",2016,3
"Esparza, Javier",2016,17
"Mömke, Tobias",2016,25
"Sobeyko, Oleh",2016,36
"Fleischmann, Marvin",2016,54
"Rostami, Borzou",2015,11
"Diekert, Volker",2015,2
"Kolisch, Rainer",2016,0
"Selinka, Gregor",2016,11
"Hahn, G.J.",2015,48
"Kopmann, Julian",2015,41
"Heinrich, Bernd",2015,20
"Kowalczyk, Martin",2015,39
"Scholz, Michael",2015,41
"Leisten, Rainer",2015,14
"Brunsch, Tobias",2015,8
"Neboian, Andrei",2015,5
"Heinrich, Bernd",2015,27
"Vaz, Daniel",2015,23
"Tempelmeier, Horst",2015,40
"Buchholz, Peter",2015,4
"Meier, Christoph",2015,18
"Bodirsky, Manuel",2015,36
"Goerigk, Marc",2015,27
"Brunner, Jens O.",2014,12
"Geiger, David",2014,166
"Göttlich, Simone",2015,35
"Rager, Markus",2015,68
"Huber, Sebastian",2014,12
"Mensendiek, Arne",2014,4
"Urhahn, Christian",2014,16
"Koschmider, Agnes",2014,25
"Dorsch, Christoph",2014,18
"Schrödl, Holger",2014,10
"Goerigk, Marc",2014,39
"Bauer, Josef",2014,37
"Gottschlich, Jörg",2014,63
"Kuhn, Heinrich",2014,12
"Eilers, Dennis",2014,25
"Peterson, Ben",2014,26
"Groth, Sven S.",2014,14
"Duan, Ran",2014,121
"Goerigk, Marc",2013,43
"Rosen, C.",2013,47
"Steffensen, Sonja",2014,5
"Dempe, Stephan",2014,19
"Leopold, Henrik",2013,52
"Leukel, Joerg",2013,9
"Saxena, Nitin",2013,24
"Nossack, Jenny",2014,11
"Buer, Tobias",2014,22
"Hagenau, Michael",2013,223
"Fabian, Benjamin",2013,9
"Schmidt, Arne",2013,3
"Schneider, Michael",2013,30
"Siebert, Michael",2013,32
"Gönsch, Jochen",2013,11
"Sterzik, Sebastian",2013,55
"Becker, Jorg",2013,33
"Bortfeldt, Andreas",2013,46
"Hellermann, Rolf",2013,25
"Schultz, Carsten",2013,9
"Goerigk, Marc",2013,47
"Derigs, Ulrich",2013,93
"Seuring, Stefan",2013,738
"Derigs, Ulrich",2013,21
"Grosswiele, Laura",2013,18
"Maass, Wolfgang",2012,42
"Lerch, Martin",2013,27
"Kisilevich, Slava",2013,41
"Claßen, Grit",2013,16
"Blind, Knut",2013,58
"Slamka, Christian",2013,21
"Jonas, Daniel",2013,81
"Gettinger, Johannes",2013,49
"Specht, E.",2013,8
"Seeanner, F.",2013,43
"Boysen, Nils",2013,19
"Kress, Dominik",2012,5
"Henn, Sebastian",2012,107
"Mesyagutov, M.",2012,15
"Brucker, Peter",2012,19
"Bortfeldt, Andreas",2012,97
"Grohe, Martin",2012,38
"Dächert, Kerstin",2012,43
"Fischer, Timo",2012,18
"Guericke, Stefan",2012,26
"Volling, Thomas",2012,17
"Briskorn, Dirk",2012,1
"Petrakis, Ioannis",2012,25
"Hahn, Rüdiger",2012,40
"Kude, Thomas",2012,46
"Hahn, G.J.",2012,35
"Forster, Florian",2012,109
"Ponsignon, Thomas",2012,29
"Baumann, Hendrik",2012,25
"Otto, Martin",2012,22
"Gorski, Jochen",2012,19
"Benlian, Alexander",2011,351
"Baier, Christel",2012,41
"Comes, T.",2011,86
"Wulf, Wirt Jochen",2011,1
"Schober, Franz",2011,19
"Pousttchi, Key",2011,3
"Dahl, Sascha",2011,52
"Krumke, Sven O.",2011,4
"Dierkes, Torsten",2011,46
"Gerpott, Torsten J.",2011,6
"Bub, Udo",2011,0
"Kossahl, Janis",2011,6
"Krumke, Sven O.",2011,19
"Buchholz, Peter",2011,29
"Kratzer, Jan",2011,11
"Groth, Sven S.",2011,111
"Kalcsics, Jrg",2011,8
"Meisel, Frank",2011,73
"Esparza, Javier",2010,39
"Kunz, Jennifer",2010,7
"Bley, Andreas",2010,92
"Petrick, Anita",2010,28
"Vera, Julio",2010,39
"Strecker, Stefan",2010,33
"Liebchen, Christian",2010,105
"Hinz, Oliver",2010,20
"Schöbel, Anita",2010,37
"Lévárdy, Viktor",2009,110
"Kalsch, Marcel T.",2010,26
"Knust, Sigrid",2009,11
"Boysen, Nils",2010,125
"Buhl, Hans Ulrich",2009,3
"Meyer, T.",2009,75
"Matthes, Florian",2009,0
"Hamacher, H.W.",2009,6
"Muntermann, Jan",2009,29
"Schlüter, Martin",2009,172
"Bischoff, Martin",2009,39
"Schönberger, Jörn",2009,10
"Grohe, Martin",2009,10
"Sahling, Florian",2009,132
"Caserta, M.",2009,39
"Caserta, M.",2009,12
"Disterer, Georg",2009,1
"Briskorn, Dirk",2009,16
"Kohnke, Oliver",2008,17
"Müller, Günter",2008,1
"Stein, Michael",2008,37
"Mertens, Peter",2008,0
"Sackmann, Stefan",2008,36
"Rommelspacher, Jonas",2008,7
"Accorsi, Rafael",2008,12
"Buhl, Hans Ulrich",2008,0
"Laartz, Jürgen",2008,1
"Teubner, Alexander",2008,23
"Rausch, Peter",2008,2
"Becker, Jan U.",2008,1
"Irnich, Stefan",2008,4
"Fiedler, Marina",2008,4
"Offermann, Philipp",2008,13
"Fettke, Peter",2008,8
"Rausch, Peter",2008,0
"Becker, Jörg",2008,0
"Bächle, Michael",2008,17
"Schuster, Michael",2008,0
"Wonnemann, Claus",2008,0
"Stein, Sebastian",2008,9
"Rieke, Tobias",2008,19
"Kiss, Christine",2008,284
"Heinzl, Armin",2008,0
"Buhl, Hans Ulrich",2008,0
"Heinrich, Bernd",2008,18
"Zimmermann, Steffen",2008,12
"Ackermann, Heiner",2008,129
"Mauro, Christian",2008,2
"Ahlemann, Frederik",2008,13
"Kozlova, Elizaveta",2008,2
"Buxmann, Peter",2008,74
"Streibich, Karl-Heinz",2008,0
"Tutsch, Dietmar",2008,27
"Paschke, Adrian",2008,104
"Siebenhaar, Melanie",2008,2
"Grob, Heinz Lothar",2008,11
"Malinowski, Jochen",2008,55
"Neumann, Frank",2008,33
"Manitz, Michael",2008,77
"Bühler, Oliver",2008,55
"Lichtenthaler, Ulrich",2008,445
"Arifusalem, S.",2008,1
"Müller, Günter",2008,3
"Dreiling, Alexander",2008,43
"Reuter, Christian",2008,2
"Heinzl, Armin",2008,0
"Pfeiffer, B.",2008,8
"Veit, Daniel J.",2008,3
"Nüttgens, Markus",2008,9
"Buhl, Hans Ulrich",2008,6
"Kuropka, Dominik",2008,14
"Buhl, Hans Ulrich",2008,25
"Bernius, Steffen",2007,3
"Appelrath, Hans-Jürgen",2007,7
"Mönch, Lars",2007,28
"Sucky, Eric",2007,44
"Frank, Ulrich",2007,1
"Koçb, Michael",2007,27
"Hummel, Oliver",2007,1
"Gräning, André",2007,4
"Wedde, Horst F.",2007,5
"Brandt, Philipp",2007,1
"Eßer, Anke",2007,6
"Buh, Hans Ulrich",2007,0
"Luhmann, Till",2007,2
"Winkels, Ludger",2007,1
"Appelrath, Hans-Jürgen",2007,0
"Wittmann, Tobias",2007,4
"Heinzl, Armin",2007,0
"Schiavinotto, Tommaso",2007,125
"Güntzer, Ulrich",2007,12
"Albers, Sönke",2007,14
"Witt, Andreas",2007,29
"Blecker, Thorsten",2007,25
"Ziegler, Cai-Nicolas",2007,277
"Leyking, Katrina",2007,4
"Blecker, Thorsten",2007,50
"Raab, Peter",2007,3
"Roßnagel, Alexander",2007,0
"Buscher, Udo",2007,86
"Buhl, Hans Ulrich",2007,5
"Minner, Stefan",2007,15
"Dietrich, Andreas J.",2007,58
"Sackmann, Stefan",2007,0
"Langella, Ian M.",2007,65
"Böhme, Rainer",2007,8
"Buhl, Hans Ulrich",2007,0
"Grohe, Martin",2007,232
"Brüggemann, Tobias",2006,1
"Gronau, Norbert",2006,22
"Kügler, Jens",2006,0
"Baumöl, Ulrike",2006,11
"Wehrmann, Alexander",2006,3
"Kalenborn, Axel",2006,0
"Leimeister, Jan Marco",2006,17
"Ahr, Dino",2006,42
"König, Wolfgang",2006,0
"Teubner, Alexander",2006,6
"Fettke, Peter",2006,1
"Heinzl, Armin",2006,0
"Miklitz, Thomas",2006,0
"Beimborn, Daniel",2006,9
"Bertels, Stefan",2006,225
"Sitters, René A.",2006,10
"Hinz, Oliver",2006,3
"Neumann, Dirk",2006,6
"Buxmann, Peter",2006,0
"Wehrmann, Alexander",2006,22
"Mönch, Lars",2006,5
"Lusk, Edward J.",2006,6
"Drews, Peter",2006,0
"Aier, Stephan",2006,10
"Figge, Stefan",2006,7
"Setzer, Thomas",2006,0
"Bartsch, Thomas",2006,76
"Hein, Oliver",2006,63
"Graf, Verena",2006,0
"Inderfurth, Karl",2006,71
"König, Wolfgang",2006,0
"Fettke, Peter",2006,158
"Breit, Joachim",2006,32
"Heinrich, Bernd",2006,1
"Sarshar, Kamyar",2006,9
"Heinzl, Armin",2006,0
"König, Wolfgang",2006,1
"Schauer, Hanno",2006,9
"Lammert, Uwe",2006,2
"Irnich, Stefan",2006,60
"Scharbrodt, Mark",2006,30
"Knackstedt, Ralf",2006,3
"Scheubrein, Ralph",2006,25
"Skiera, Bernd",2006,1
"Melo, M.T.",2006,295
"Skiera, Bernd",2006,0
"Soukhoroukova, Anna",2006,4
"Tolksdorf, Robert",2006,4
"König, Wolfgang",2006,0
"Knackstedt, Ralf",2006,14
"Klafft, Michael",2006,2
"Meinhardt, Holger",2006,9
"Rolli, Daniel",2006,5
"Scheuerer, Stephan",2006,125
"Trinkaus, Hans L.",2005,26
"Elzenheimer, Marcus",2005,0
"Mönch, Lars",2005,170
"Beimborn, Daniel",2005,6
"Mautsch, Lars",2005,0
"Buxmann, Peter",2005,5
"Heinzl, Armin",2005,0
"Wehrmann, Alexander",2005,11
"Wolf, Petra",2005,11
"Algermissen, Lars",2005,1
"Balzert, Helmut",2005,1
"Heinzl, Armin",2005,0
"Habermann, Kai",2005,4
"Mintert, Stefan",2005,0
"Buxmann, Peter",2005,4
"Bauer, Marc Thomas",2005,1
"Thome, Rainer",2005,3
"Holzhäuser, Markus",2005,5
"Sarshar, Kamyar",2005,6
"Berthold, Oliver",2005,7
"Jodlbauer, Herbert",2005,2
"Skiera, Bernd",2005,13
"Luckner, Stefan",2005,0
"Hahn, Axel",2005,10
"Hess, Thomas",2005,15
"Klan, Markus",2005,2
"Robra-Bissantz, Susanne",2005,3
"Weinhardt, Ch.",2005,0
"Hornung, Gerrit",2005,10
"Weinhardt, Christof",2005,0
"Jahnke, Hermann",2005,15
"Picot, Arnold",2005,1
"König, Wolfgang",2005,0
"Kreutzer, Michael",2005,0
"Berbner, Rainer",2005,9
"Fettke, Peter",2005,7
"Brüggemeier, Martin",2005,4
"Rannenberg, Kai",2005,2
"Faisst, Ulrich",2005,15
"Becker, Jörg",2005,1
"Hippner, Hajo",2005,29
"Loos, Christian",2005,2
"Schwarze, Jan-Christoph",2005,9
"Abels, Sven",2005,0
"Wendt, Oliver",2005,7
"Bichler, Martin",2005,11
"Frießem, Paul",2005,9
"Jansen, Klaus",2004,34
"Bürgisser, Peter",2004,8
"Günther, Oliver",2004,2
"Chamoni, Peter",2004,0
"Hochstein, Jan M.",2004,4
"Alber, Jochen",2004,163
"Krcmar, Helmut",2004,5
"Frank, Ulrich",2004,1
"Utkin, Lev V.",2004,20
"Becker, Jörg",2004,7
"Chamoni, Peter",2004,65
"Fettke, Peter",2004,86
"Schryen, Guido",2004,6
"Holland, Stefan",2004,1
"Mönch, Lars",2004,7
"Patig, Susanne",2004,2
"Gerber, Christian",2004,4
"Petersohn, Helge",2004,1
"Hofschröer, Peter",2004,0
"Mertens, Peter",2004,0
"König, Wolfgang",2003,0
"König, Wolfgang",2003,0
"Meier, Marco C.",2004,1
"Haase, Knut",2004,2
"Posegga, Joachim",2004,0
"Herwig, Volker",2004,2
"Große-Wilde, Jörn",2004,2
"Becker, Jörg",2004,3
"Lauff, Volker",2004,28
"Goeken, Matthias",2004,11
"Steinhöfel, K.",2003,10
"Becker, Jörg",2004,33
"König, Wolfgang",2003,0
"Knolmayer, Gerhard",2004,2
"Heinzl, Armin",2004,0
"Lammers, Markus",2004,27
"Loos, Peter",2003,0
"Hess, Thomas",2003,3
"Heinzl, Armin",2004,0
"Walter, Sascha G.",2004,50
"Buhl, Hans Ulrich",2004,4
"Vöcking, Berthold",2003,127
"Heinzl, Armin",2004,0
"Balzert, Helmut",2004,1
"Pfaff, Donovan",2004,6
"Baumeister, Alexander",2004,1
"Dechant, Hubert",2004,0
"Fladung, Rainer B.",2004,0
"Frank, Ulrich",2004,4
"Jonen, Andreas",2004,9
"Hess, Thomas",2004,7
"Sucky, Eric",2004,2
"Schwalm, Stephan",2004,4
"Biskup, Dirk",2003,27
"Bohn, Andreas",2003,2
"Buhl, Hans Ulrich",2003,5
"Wolle, Björn",2003,0
"Sehoder, Detlef",2003,6
"Meyer, Matthias",2003,3
"Kranich, Pascal",2003,5
"Weber, Rainer",2003,3
"Flum, Jörg",2002,155
"Eymann, Torsten",2003,4
"Buxmann, Peter",2003,6
"Wall, Friederike",2003,2
"Fink, Andreas",2003,5
"Becker, Jan U.",2003,3
"Disterer, Georg",2003,1
"Weitzel, Tim",2003,8
"Dibbern, Jens",2003,12
"Schumann, Matthias",2003,0
"Mertens, Peter",2003,0
"Klein, Arnd",2003,6
"Feldmann, Martin",2003,2
"Schmücker, Jörg",2003,7
"Weinhardt, Christof",2003,59
"Weitzel, Tim",2003,2
"Fettke, Peter",2003,13
"Seiler, Claus-Michael",2003,0
"Reichwald, Ralf",2003,7
"Lassig, Peter",2003,5
"Sneed, Harry M.",2003,4
"Marx, Andreas",2003,0
"Meyer, Matthias",2003,29
"Rebstock, Michael",2003,7
"Grasmugg, Stefan",2003,2
"Holten, Roland",2003,13
"Bierwirth, Christian",2002,7
"Huson, Daniel H.",2002,64
"Kromer, Gerald",2002,8
"Reinema, Rolf",2002,0
"Bunjes, Bernd",2002,4
"Buchwalter, Jana",2002,5
"Schryen, Guido",2002,4
"Beimborn, Daniel",2002,10
"Rawolle, Joachim",2002,10
"Wolle, Habil Björn",2002,1
"Tesch, Thomas",2002,3
"Nissen, Volker",2002,24
"Nutz, Andreas",2002,10
"Niemann, Heiko",2002,10
"Wohlfeil, Stefan",2002,0
"Milius, Frank",2002,0
"Grüne, Markus",2002,1
"Coldewey, Jens",2002,6
"Schoder, Detlef",2002,8
"Figge, Stefan",2002,4
"Weitz, Wolfgang",2002,1
"Mantel, Stephan",2002,2
"Noack, Jörg",2002,1
"Schissler, Martin",2002,7
"Gersdorf, Ruben",2002,1
"Haase, Paul-Gerhard",2002,0
"Schätzle, Roland",2002,2
"Lejmi, Habib",2002,1
"Spitta, Thorsten",2002,3
"Luttermann, Hartmut",2002,0
"Martin, Reiner",2002,6
"Friedrich, Jörg-Michael",2002,4
"Friedewald, Michael",2002,6
"Peters, Ralf",2002,2
"Mayer, Gabriela",2002,75
"Stiemerling, Oliver",2002,5
"Bamberger, Rainer",2002,0
"Cotoaga, Kurt",2002,2
"Alpar, Paul",2002,1
"Kirn, Stefan",2002,8
"Sneed, Harry M.",2002,1
"Schultmann, Frank",2002,8
"Frick, Markus",2001,160
"Biskup, Dirk",2001,95
"Grünert, Tore",2002,19
"Buxmann, Peter",2001,6
"Heinzl, Armin",2001,17
"Frank, Ulrich",2001,13
"Kundisch, Dennis",2001,1
"Brandt-Pook, Hans",2001,1
"Uelpenich, Sascha",2001,1
"Siegemund, Frank",2001,0
"Bause, Falko",2001,11
"Turowski, Klaus",2001,16
"Maier, Ronald",2001,14
"Steinhöfel, K.",2002,19
"Klügl, Franziska",2001,0
"Münch, Ines",2001,2
"Skutella, Martin",2001,110
"Schoberth, Thomas",2001,15
"Dibbern, Jens",2001,16
"Mädche, Alexander",2001,13
"Baldi, Stefan",2001,6
"Weitzel, Tim",2001,6
"Otto, Boris",2001,2
"Grolik, Sven",2001,9
"Pawlowski, Jan M.",2001,3
"Hilt, Volker",2001,2
"Beck, Roman",2001,0
"Najda, Lars",2001,0
"Barbian, Dina",2001,0
"Hagenhoff, Svenja",2001,0
"Schackmann, Jürgen",2001,6
"Garbe, Wolf",2001,0
"Holten, Roland",2001,2
"Hampel, Thorsten",2001,1
"Mertens, Peter",2001,0
"Klein, Müge",2001,3
"Ferstl, Otto K.",2001,4
"Sundermeyer, Kurt",2001,8
"Petsch, Mathias",2001,2
"Ehrenberg, Dieter",2001,2
"Rebstock, Michael",2001,14
"Günther, Oliver",2001,17
"Schoop, Eric",2001,2
"Hess, Thomas",2001,3
"Nissen, Volker",2001,5
"Eymann, Torsten",2001,1
"Basin, David",2001,33
"Gräf, Bernhard",2001,0
"Göbel, Christof",2001,2
"Franke, Thomas",2001,3
"Siekmann, Jörg H.",2001,1
"Bichler, Martin",2000,9
"Reck, Jürgen",2000,1
"Schmitzer, Benno",2000,4
"Peters, Ralf",2000,11
"Heine, Peter",2000,0
"Bertsch, Andreas",2000,0
"Luttenberger, Norbert",2000,0
"Düsing, Roland",2000,1
"Gerpott, Torsten J.",2000,2
"Heinzl, Armin",2000,0
"Wefers, Marcus",2000,1
"Ernst, Holger",2000,94
"Wendt, Oliver",2000,2
"Klamma, Ralf",2000,0
"Zapf, Michael",2000,4
"Knörzer, Michael",2000,1
"Hofmann, Christian",2000,15
"Stein, Torsten",2000,1
"Mülder, Wilhelm",2000,5
"Disterer, Georg",2000,9
"Sinz, Elmar J.",2000,3
"Stiemerling, Oliver",2000,1
"Röhm, Alexander W.",2000,18
"Wall, Friederike",2000,1
"Fleiner, Cornelius",2000,0
"Kiss, Christian",2000,0
"Meier, Marco",2000,2
"Büser, Tobias",2000,0
"Spitta, Thorsten",2000,2
"Scholz, Christian",2000,1
"Rittgen, Peter",2000,18
"Schönthaler, Frank",2000,0
"Lehmann, Frank R.",2000,0
"Meier, Marco",2000,3
"Alpar, Paul",2000,0
"Strohmeier, Stefan",2000,3
"Sneed, Harry M.",2000,0
"Gomber, Peter",2000,0
"Piser, Marc",2000,0
"Kurbel, Karl",2000,2
"Enzmann, Matthias",2000,6
"Lamberti, Hermann-Josef",2000,0
"Gehle, Michael",2000,1
"Kurbel, Karl",2000,3
"Berger, Peter",2000,0
"Häusler, Ute",2000,0
"Schultz, Jens",2000,3
"Albers, Susanne",2000,17
"Gruhn, Volker",2000,9
"Mundhenk, Martin",2000,99
"Maier, Matthias",2000,4
"Noack, Jörg",2000,7
"Karwatzki, Sabrina",2022,1
"Grimm, Veronika",2022,0
"Kinzinger, Arno",2022,3
"Bärmann, Andreas",2022,0
"Averkov, Gennadiy",2022,2
"Brendel, Alfred Benedikt",2022,2
"Kuchlbauer, Martina",2022,2
"Badakhshan, Peyman",2022,0
"Jansen, Klaus",2022,0
"Wölck, Martin",2022,0
"Harks, Tobias",2022,2
"Harks, Tobias",2022,0
"Becker, Tristan",2022,0
"Böttcher, Timo Phillip",2022,0
"Happach, Felix",2022,1
"Bendig, David",2022,2
"Jungwirth, Alexander",2022,0
"Rodríguez-Heck, Elisabeth",2022,0
"Klimm, Max",2022,0
"Söllner, Matthias",2022,0
"Morell, Sarah",2022,0
"Beier, René",2022,0
"Kiszka, Adriana",2022,0
"Warwicker, John Alasdair",2022,1
"Kozhasov, Khazhgali",2022,0
"Hartmann, Tim A.",2022,1
"Mueller, Lea",2022,1
"Müller, Benjamin",2022,1
"Klein, Kim-Manuel",2022,0
"Rehfeldt, Daniel",2022,0
"Helmberg, Christoph",2022,1
"Hendel, Gregor",2022,2
"Zapadka, Patryk",2022,2
"Rabl, Tanja",2022,0
"Blauth, Jannis",2022,0
"Adam, Martin",2022,0
"Disser, Yann",2022,0
"Löffler, Maximilian",2022,7
"Bründl, Simon",2022,0
"Beisecker, Sven",2022,0
"Bentert, Matthias",2022,0
"Müller, Michelle",2022,0
"Toutaoui, Jonas",2022,1
"Selinka, Gregor",2022,0
"Merino, Arturo",2022,0
"Schoch, Manfred",2022,0
"Jansen, Klaus",2022,0
"Liers, Frauke",2022,2
"Pichler, Alois",2022,5
"Eifler, Leon",2022,0
"Henrion, R.",2022,8
"Hund, Axel",2021,11
"Daboul, Siad",2022,0
"Nowotka, Dirk",2022,1
"Steininger, Dennis M.",2022,5
"Füllner, Christian",2022,2
"Klimm, Max",2022,1
"Gahururu, Deborah B.",2022,0
"Eismann, Kathrin",2021,4
"Hodapp, Daniel",2022,1
"Weinert, Christoph",2022,0
"Schreieck, Maximilian",2021,12
"Chmiela, Antonia",2022,1
"Dvurechensky, Pavel",2022,1
"Marx, Dániel",2022,0
"Graf, Lukas",2022,1
"Hahn, Mirko",2022,1
"Diederich, Stephan",2022,17
"Trang, Simon",2022,5
"Toreini, Peyman",2022,2
"Chubanov, Sergei",2021,1
"Göttlich, Simone",2021,3
"Böhnlein, Toni",2021,0
"Jünger, Michael",2021,1
"Brendel, Alfred Benedikt",2021,4
"Chubanov, Sergei",2021,0
"Zeile, Clemens",2021,9
"Herzel, Arne",2021,10
"Schmidt, Daniel",2021,0
"Gnegel, Fabian",2021,3
"Bestehorn, Felix",2021,4
"Lohmann, Timo",2021,1
"Dempe, Stephan",2021,2
"Kirches, Christian",2021,2
"Kleinert, Thomas",2021,5
"Kleer, Pieter",2021,1
"Kleinert, Thomas",2021,9
"Oberländer, Anna Maria",2021,4
"Gschwind, Timo",2021,1
"Potschka, Andreas",2021,0
"Berthold, Timo",2021,0
"Gaebert, Cornelia",2021,1
"Potschka, Andreas",2021,0
"Spohrer, Kai",2021,3
"Brendel, Alfred Benedikt",2021,4
"Rehfeldt, Daniel",2021,1
"Burtscheidt, Johanna",2021,0
"Berthold, Timo",2021,0
"Averkov, Gennadiy",2021,0
"Witzig, Jakob",2021,3
"Kranz, Johann",2021,10
"Maier, Christian",2021,4
"Harks, Tobias",2021,0
"Goeke, Dominik",2021,2
"Callejas, Ivonne",2021,0
"Chaudhury, Bhaskar Ray",2021,3
"Bodirsky, Manuel",2021,3
"Seeger, Anna-Maria",2021,9
"Füllner, Christian",2021,1
"Schmidt, Daniel",2021,2
"Maier, Christian",2021,8
"Wiener, Martin",2021,15
"Fischer, A.",2021,5
"Briskorn, Dirk",2021,1
"Drummer, Daniel",2020,11
"Siering, Michael",2021,6
"Zeiss, Roman",2021,24
"Gimpel, Henner",2021,19
"Westmattelmann, Daniel",2021,25
"Knote, Robin",2021,14
"Tofangchi, Schahin",2021,3
"Hanelt, André",2021,27
"Recker, Jan",2021,1
"Malitsky, Yura",2020,51
"Wessel, Lauri",2021,99
"Oehlhorn, Caroline E.",2020,19
"Strich, Franz",2021,14
"Floetgen, Rob Jago",2021,26
"Prommegger, Barbara",2021,11
"Benlian, Alexander",2020,45
"Teubner, R. Alexander",2020,18
"Soluk, Jonas",2021,38
"Klein, Stefan",2020,1
"Mehlitz, Patrick",2020,15
"Trang, Simon",2020,104
"Pichler, Alois",2020,6
"Graf, Lukas",2020,10
"Gleixner, Ambros",2020,2
"Mirbabaie, Milad",2020,50
"Köhne, Anna",2020,2
"Pignot, Edouard",2020,0
"Rebennack, Steffen",2020,15
"Achterberg, Tobias",2020,28
"Antoniadis, Antonios",2020,1
"Jansen, Klaus",2020,0
"Berkholz, Christoph",2020,5
"Widjaja, Thomas",2020,9
"Janiesch, Christian",2020,1
"Schöbel, Sofia Marlena",2020,19
"Hinz, Oliver",2020,20
"Luke, D. Russell",2020,15
"Adam, Martin",2020,11
"Ketter, Wolfgang",2020,2
"KOZMA, LÁSZLÓ",2020,1
"Durward, David",2020,24
"Lausen, Jens",2020,5
"Mandrella, Markus",2020,13
"Wiedemann, Anna",2020,9
"Steinhauser, Stefanie",2020,9
"Jukna, Stasys",2020,0
"Rothe, Hannes",2020,8
"Maier, Christian",2019,66
"Peukert, Christian",2019,50
"Beverungen, Daniel",2019,14
"Fügener, Andreas",2019,7
"Huber, Rocco Xaver Richard",2019,12
"Berndt, Sebastian",2020,16
"Schmidt, Martin",2019,3
"Morana, Stefan",2019,7
"Lansing, Jens",2019,12
"Hojny, Christopher",2019,12
"Ross, Björn",2019,63
"Gutt, Dominik",2019,36
"Fiege, Sabrina",2019,9
"Kanzow, Christian",2019,5
"Wessel, Lauri",2019,7
"Siering, Michael",2019,13
"Engelbrecht, Adrian",2019,33
"Mattke, Jens",2019,30
"Gerlach, Jin P.",2019,12
"Bodirsky, Manuel",2019,20
"Guhr, Nadine",2019,38
"Pethig, Florian",2019,13
"Chanias, Simon",2019,188
"Bekos, Michael A.",2019,8
"Gerlach, Jin P.",2019,5
"Klier, Julia",2019,9
"Gorbacheva, Elena",2019,31
"Recker, Jan",2019,25
"Schöpfer, Frank",2019,25
"Steininger, Dennis M.",2019,74
"Siering, Michael",2019,10
"Recker, Jan",2019,7
"Hoehle, Hartmut",2019,17
"Gottschalk, Corinna",2018,5
"Shinano, Yuji",2018,12
"Efthymiou, Charilaos",2019,8
"Mittendorf, Christoph",2019,36
"Fleszar, Krzysztof",2018,3
"Bringmann, Karl",2019,11
"Foerderer, Jens",2019,44
"Teubner, Timm",2019,66
"Gottschalk, Corinna",2018,10
"Witt, Jonas T.",2018,1
"Kloör, Benjamin",2018,22
"Averkov, Gennadiy",2018,5
"Fischer, Anja",2018,5
"Schneider, Stephan",2018,12
"Benlian, Alexander",2018,74
"Schneider, Stephan",2018,1
"Oberländer, Anna Maria",2018,65
"Geißler, Björn",2018,23
"Glaser, Florian",2018,20
"Buchheim, Christoph",2018,10
"Lansing, Jens",2018,18
"Kesselheim, Thomas",2018,15
"Peppard, Joe",2018,33
"Maass, Wolfgang",2018,44
"Karwatzki, Sabrina",2017,26
"Bretschneider, Ulrich",2017,129
"Kretzer, Martin",2018,18
"Gomber, Peter",2018,14
"Gomber, Peter",2018,386
"Flath, Christoph M.",2017,43
"Krasnova, Hanna",2017,109
"Firsching, Moritz",2017,7
"Loeser, Fabian",2017,67
"Haferkorn, Martin",2017,2
"Buchheim, Christoph",2017,22
"Laumer, Sven",2017,79
"Hübner, Jens",2017,4
"Vogel, Silvia",2017,3
"Wenzel, Matthias",2017,9
"Rohde, Markus",2017,42
"Karwatzki, Sabrina",2017,74
"Hanelt, Andre",2017,43
"Tavakoli, Asin",2017,57
"Siering, Michael",2017,27
"Piel, Jan-Hendrik",2017,9
"Charitha, C.",2017,3
"Rosenkranz, Christoph",2017,15
"Megow, Nicole",2017,19
"Avis, David",2017,6
"Ringkamp, Maik",2017,5
"Hariharan, Anuja",2017,24
"Gschwind, Timo",2016,25
"Lenzen, Christoph",2017,3
"Bürgisser, Peter",2017,13
"Dernbecher, Sabine",2017,43
"Rehm, Sven-Volker",2017,16
"Thies, Ferdinand",2016,109
"Siering, Michael",2016,107
"Kranz, Johann J.",2016,65
"Rode, Henning",2016,77
"Borgwardt, Steffen",2016,4
"Dorsch, Dominik",2016,5
"Niehaves, Bjoern",2016,34
"Jarre, Florian",2016,3
"Benthaus, Janek",2016,66
"Ebel, Philipp",2016,67
"Benlian, Alexander",2016,41
"Laumer, Sven",2016,60
"Spiegel, Olav",2016,53
"Kanzow, Christian",2016,14
"Zuchowski, Oliver",2016,91
"Hintermüller, M.",2016,11
"Lange, Matthias",2016,81
"Schmidt, Jens M.",2016,4
"Laumer, Sven",2016,71
"Fridgen, Gilbert",2016,29
"Stein, Oliver",2016,8
"Efthymiou, Charilaos",2016,10
"Gleixner, Ambros M.",2016,23
"Katzy, Bernhard R.",2016,8
"Megowy, Nicole",2016,25
"Loebbecke, Claudia",2016,102
"Schneider, Stephan",2016,149
"Eckhardt, Andreas",2016,36
"Steitz, Wolfgang",2015,3
"Kaibel, Volker",2015,11
"Chubanov, Sergei",2015,22
"Teubner, Timm",2015,41
"Kummer, Mario",2015,20
"Schlosser, Frank",2015,58
"Wiener, Martin",2015,31
"Kaibel, Volker",2015,0
"Mnich, Matthias",2015,51
"Grgecic, Daniel",2015,51
"Berger, Benedikt",2015,41
"Heumann, Jakob",2015,30
"Averkov, Gennadiy",2015,13
"Kaltenecker, Natalie",2015,30
"Arulselvan, Ashwin",2015,0
"Benlian, Alexander",2015,139
"Maier, Christian",2015,332
"Netzer, Tim",2015,7
"Loebbecke, Claudia",2015,506
"Hoermann, Stefan",2015,9
"Bringmann, Karl",2015,1
"Maier, Christian",2015,334
"Gerlach, Jin",2015,58
"Brunsch, Tobias",2015,5
"Brandt, Tobias",2015,4
"Kaibel, Volker",2015,0
"Bergner, Martin",2015,35
"Leövey, H.",2015,17
"Meth, Hendrik",2015,69
"Benlian, Alexander",2015,79
"Niehaves, Björn",2014,241
"Benlian, Alexander",2015,46
"Wiener, Martin",2014,47
"Emich, Konstantin",2014,1
"Grohe, Martin",2015,49
"Bittner, Eva",2014,97
"Wagner, Heinz-Theo",2014,121
"Claßen, Grit",2014,3
"Sojer, Manuel",2014,25
"Wachsmuth, Gerd",2014,13
"Butsch, Alexander",2014,38
"Reiner, Jochen",2014,4
"Reimers, Kai",2014,6
"Bonato, Thorsten",2014,18
"Fischer, Frank",2014,22
"Zolper, Katja",2014,13
"Davi, Thomas",2014,3
"Hintermüller, Michael",2014,30
"Sponsel, Julia",2014,18
"Keutel, Marcus",2014,45
"Gregory, Robert Wayne",2014,37
"Hemmecke, Raymond",2014,16
"Reimers, Kai",2014,25
"Bonsma, Paul",2014,30
"Rosenkranz, Christoph",2014,52
"Coja-Oghlan, Amin",2014,9
"Brunsch, Tobias",2014,3
"Buchwald, Arne",2014,44
"Borndörfer, Ralf",2013,3
"Buchholz, Peter",2013,3
"Berthold, Timo",2014,23
"Peppard, Joe",2014,131
"Roßnagel, Heiko",2014,26
"Linz, Simone",2013,9
"Zolper, Katja",2013,11
"Fischer, Anja",2013,19
"Schmidt, Jens M.",2013,8
"Chimani, Markus",2013,5
"Maier, Christian",2013,91
"Göller, Stefan",2013,11
"Messerschmidt, Christian M.",2013,53
"Borgwardt, Steffen",2013,10
"Geihe, Benedict",2013,10
"Dür, Mirjam",2013,7
"Gwinner, Joachim",2013,65
"Buchheim, Christoph",2013,31
"Skanda, Dominik",2013,9
"Rosenkranz, Christoph",2013,22
"Joachim, Nils",2013,47
"Schryen, Guido",2013,288
"Stieglitz, Stefan",2013,879
"Dempe, S.",2013,81
"Astor, Philipp J.",2013,84
"Schiela, Anton",2013,12
"Jakobs, Kai",2013,10
"Hemmecke, Raymond",2013,56
"Benlian, Alexander",2013,31
"Hoheisel, Tim",2013,103
"Dorsch, D.",2012,1
"Kirschmer, Markus",2012,4
"Buchheim, Christoph",2012,28
"Saxena, Nitin",2012,32
"Chubanov, Sergei",2012,22
"Stein, Oliver",2012,23
"Wolf, Martin",2012,28
"Friedrich, Tobias",2012,18
"Jongen, H. Th.",2012,11
"Hintermüller, Michael",2012,0
"Schütte, Christof",2012,21
"Görtz, Simon",2012,15
"Henrion, R.",2012,12
"Benlian, Alexander",2012,187
"Faigle, Ulrich",2012,1
"Klendauer, Ruth",2012,55
"Göring, Frank",2012,6
"Kaiser, Jasmin",2012,22
"Dietz, Gunnar",2012,10
"Buhl, Hans Ulrich",2012,15
"Jongen, H.Th.",2012,13
"Delling, Daniel",2012,37
"Stein, Oliver",2012,23
"Sager, Sebastian",2012,77
"Bürgisser, Peter",2012,3
"Dempe, S.",2012,153
"Buhl, Hans Ulrich",2012,29
"Benlian, Alexander",2011,40
"Bürgisser, Peter",2011,48
"Aland, Sebastian",2011,72
"Knoll, Stefan",2011,20
"Briest, Patrick",2011,11
"Briest, Patrick",2011,39
"Köbler, Johannes",2011,21
"Jaegersberg, Gudrun",2011,35
"Hinz, Oliver",2011,45
"Saxena, Nitin",2011,23
"Ackermann, Heiner",2011,37
"Megow, Nicole",2011,30
"Müller-Wienbergen, Felix",2011,80
"Averkov, Gennadiy",2011,3
"Fischer, Johannes",2011,185
"Bernauer, Martin K.",2011,4
"Benlian, Alexander",2011,161
"Domschke, Pia",2011,59
"Benlian, Alexander",2011,25
"Chimani, Markus",2010,12
"Schmidt, Christian",2011,151
"Hemmecke, Raymond",2011,34
"Mestre, Julián",2010,0
"Gollmer, Ralf",2011,51
"Buchheim, Christoph",2010,30
"Koschmider, Agnes",2010,44
"Jansen, Klaus",2010,28
"Fischer, Simon",2010,28
"Jünger, Michael",2010,0
"Kirschmer, Markus",2010,48
"Eichfelder, Gabriele",2010,124
"Martens, Maren",2010,1
"Esparza, Javier",2010,14
"Irnich, Stefan",2010,35
"Fanslau, Tobias",2010,109
"Sojer, Manuel",2010,73
"Krasnova, Hanna",2010,616
"Arns, M.",2010,24
"Buchheim, Christoph",2010,12
"Andersen, Kent",2010,11
"Skutella, Martin",2010,4
"Boţ, Radu Ioan",2010,2
"Mueller, Benjamin",2010,59
"Rothlauf, Franz",2009,7
"Gritzmann, Peter",2010,3
"Schlenkrich, Sebastian",2010,15
"Jansen, Klaus",2009,32
"Putzke, Johannes",2010,35
"Urbach, Nils",2010,188
"Eckhardt, Andreas",2009,175
"Ulbrich, Michael",2009,29
"Faigle, Ulrich",2009,11
"Baars, Henning",2009,33
"Bussieck, Michael R.",2009,35
"Sager, Sebastian",2009,84
"Heitsch, Holger",2009,171
"Chan, T.-H. Hubert",2009,14
"Albers, Susanne",2009,46
"Leimeister, Jan",2009,561
"Palka, Wolfgang",2009,141
"Manthey, Bodo",2008,8
"Pipek, Volkmar",2009,340
"Jansen, Klaus",2008,12
"Louveaux, Quentin",2008,3
"Kaibel, Volker",2008,58
"Riemer, Kai",2008,37
"Achtziger, Wolfgang",2008,109
"Kollmann, Tobias",2009,39
"Naumann, Uwe",2008,28
"Klauck, Hartmut",2007,7
"Eisenbrand, Friedrich",2007,21
"Glaßer, Christian",2007,9
"Homberger, Jörg",2008,27
"Klauck, Hartmut",2007,49
"Oswald, Marcus",2007,3
"Jünger, Michael",2007,0
"Röglin, Heiko",2007,17
"Djekic, Petar",2007,13
"Becker, Jörg",2007,74
"Teubner, R.A.",2007,58
"Weihrauch, Klaus",2006,8
"Belov, Gleb",2007,67
"Loebbecke, Claudia",2007,21
"Petersen, Holger",2006,1
"Reinelt, Gerhard",2006,3
"Beier, Rene",2006,30
"Glaber, Christian",2006,6
"Niggl, Karl-Heinz",2006,25
"Klauck, Hartmut",2006,52
"Lohrey, Markus",2006,46
"Chubanov, Sergei",2006,42
"Jansen, Klaus",2006,4
"Reinelt, Gerhard",2006,7
"Althaus, Ernst",2006,14
"Martin, Alexander",2006,173
"Yetim, Fahri",2006,26
"Loebbecke, Claudia",2006,36
"Klein, Arnd",2006,7
"Albers, Susanne",2006,40
"Schultz, Rüdiger",2006,119
"Diehl, Moritz",2006,86
"Müller, Dirk",2006,2
"Dreiling, Alexander",2006,31
"Jansen, Klaus",2006,26
"Michaels, Dennis",2006,3
"Skutella, Martin",2005,57
"Jansen, Klaus",2005,9
"Nickelsen, Arfst",2005,7
"Kaibel, Volker",2005,7
"Bosse, Hartwig",2005,7
"Henrion, René",2005,156
"Doerr, Benjamin",2005,11
"Seidel, Raimund",2005,30
"Doberkat, Ernst-Erich",2005,24
"Pettiet, Seth",2005,59
"Hougardy, Stefan",2005,2
"Nowak, Ivo",2005,8
"Glasser, Christian",2004,33
"Biskup, Joachim",2004,6
"Leimeister, Jan Marco",2005,181
"Eisenbrand, F.",2005,14
"Schwiegelshohn, Uwe",2004,6
"Torán, Jacobo",2004,75
"Stork, Frederik",2005,22
"Kočvara, Michal",2004,34
"Stork, Frederik",2005,0
"Henrion, René",2004,28
"Möhring, Rolf H.",2004,61
"Icking, Christian",2004,10
"Ulbrich, Michael",2004,148
"Ulbrich, Stefan",2004,75
"Flum, Jörg",2004,164
"Buxmann, Peter",2004,38
"Reimers, Kai",2004,3
"Preiß, Martin",2004,22
"Eisenbrand, Friedrich",2003,5
"Hromkovič, Juraj",2003,10
"Haus, Utz-Uwe",2003,10
"Griewank, Andreas",2003,9
"Buchheim, Christoph",2003,7
"Bürgisser, Peter",2003,10
"Köppe, Matthias",2003,3
"Jansen, Klaus",2003,12
"Glier, Oliver",2003,5
"Libbehenschel, Jens",2003,3
"Braun, Oliver",2003,27
"Kutz, Martin",2002,1
"Lefmann, Hanno",2002,14
"Helmberg, C.",2002,52
"Ulbrich, M.",2003,54
"Fischer, Andreas",2002,84
"Helmberg, C.",2003,16
"Skutella, Martin",2002,42
"Spreen, Dieter",2002,0
"Merkle, Wolfgang",2002,2
"Theobald, Thorsten",2002,6
"Rieger, J.H.",2002,1
"Griewank, Andreas",2002,11
"Bauer, P.",2002,18
"Hiptmair, Ralf",2002,25
"Fekete, Sándor P.",2001,114
"Merkle, Wolfgang",2001,1
"Flum, Jörg",2001,93
"Jünger, Michael",2001,13
"Hoffmann, Frank",2001,81
"Althaus, Ernst",2001,19
"Sellen, Jürgen",2000,8
"Brandstädt, Andreas",2000,19
"Bürgisser, Peter",2000,14
"Ascheuer, Norbert",2001,136
"John, Reinhard",2000,7
"Czumaj, Artur",2000,14
"Bertram-Kretzberg, Claudia",2000,24
"Gugat, Martin",2000,5
"Faigle, Ulrich",2000,30
"Bürgisser, Peter",2000,6
"Reinhardt, Klaus",2000,69
"Buchholz, Peter",2000,114
"Borndörfer, Ralf",2000,24
"Albers, Susanne",2000,186
"Scheideler, Christian",2000,3
"Kummer, Bernd",2000,7
